"Title","Content"
"Long An dồn nguồn lực phát triển giáo dục","Theo cổng thông tin Tỉnh ủy Long An, năm học 2024-2025, địa phương có 591 cơ sở giáo dục từ mầm non đến trung học phổ thông, với hơn 330.000 học sinh và 17.800 giáo viên, cán bộ quản lý.Tỉnh đang tập trung đầu tư xây dựng cơ sở vật chất với mục tiêu đảm bảo có thêm 909 phòng học, phòng chức năng trong năm học này. Kinh phí xây dựng dự kiến 683 tỷ đồng. Trong đó, vốn ngân sách gần 300 tỷ đồng. Ngoài ra, địa phương dành 263 tỷ đồng mua sắm thiết bị dạy học tối thiểu. Dự kiến, ngành giáo dục sẽ công nhận mới 38 trường phổ thông đạt chuẩn quốc gia, trong đó có 16 trường tiểu học, 11 trường trung học cơ sở và 11 trường trung học phổ thông.Song song đó, Long An đang tăng cường đặt hàng đào tạo giáo viên, thu hút nhân tài để giảm tình trạng thiếu hụt nhân sự giáo dục hiện tại.

Tiết học tại Trường THCS Nhựt Tảo (TP Tân An). Ảnh: Báo Long An
Theo đại diện địa phương, phổ cập, phát triển giáo dục chất lượng cao là mục tiêu quan trọng. Tỉnh đề ra nhiều giải pháp. Trong đó, nổi bật là việc ưu tiên nguồn lực đầu tư cơ sở vật chất, thiết bị dạy học, chú trọng phát triển các cơ sở giáo dục mầm non tại các khu, cụm công nghiệp, khu kinh tế. Long An là thủ phủ công nghiệp của Đồng bằng sông Cửu Long với lượng người lao động lớn. Việc phát triển giáo dục gần các khu, cụm công nghiệp nhằm tạo điều kiện cho trẻ là con công nhân lao động tiếp cận giáo dục có chất lượng.Long An cũng tiếp tục rà soát quản lý biên chế, tuyển dụng giáo viên để bảo đảm số lượng và chất lượng đội ngũ đồng thời hoàn thiện các chính sách thu hút, tạo nguồn tuyển dụng, hỗ trợ, tạo điều kiện để giáo viên yên tâm giảng dạy.Tỉnh này cũng đưa ra định hướng hợp tác quốc tế, thông qua liên kết với các cơ sở giáo dục và đào tạo từ các quốc gia phát triển. Tỉnh mời các tổ chức kiểm định quốc tế có uy tín để đánh giá chất lượng giáo dục hiện có đồng thời tham gia các chương trình đánh giá quốc tế như SEA-PLM, PISA, TALIS...Gần nhất, ngày 29/11, Sở Giáo dục và Đào tạo cho biết TP Tân An sẽ khảo sát, nghiên cứu các tiêu chí và đăng ký tham gia vào mạng lưới thành phố học tập toàn cầu của UNESCO. Để được công nhận là thành viên, các thành phố phải cam kết tạo điều kiện cho việc học tập suốt đời của mọi người dân. Đổi lại, việc tham gia giúp cho các thành phố và người dân địa phương có điều kiện thuận lợi hơn trong việc trao đổi ý tưởng, tri thức và kinh nghiệm thông qua một mạng lưới năng động gồm 356 thành phố trên toàn thế giới.Số hóa cũng là trọng tâm. Địa phương dự kiến hoàn thiện kho học liệu số chia sẻ dùng chung toàn ngành, gồm: bài giảng điện tử, học liệu số đa phương tiện, sách giáo khoa điện tử, phần mềm mô phỏng... Ngành giáo dục sẽ phát triển hệ thống ngân hàng câu hỏi trực tuyến cho các môn học đồng thời triển khai nền tảng cung cấp các khóa học trực tuyến dùng chung; học bạ số.Hệ thống giáo dục tại tỉnh miền Tây Nam bộ được đánh giá ngày càng hoàn thiện. Trước khi bước vào năm học mới, địa phương đã liên tục khánh thành nhiều công trình giáo dục quy mô lớn. Gần nhất, huyện Đức Hòa đưa vào sử dụng Trường THPT Võ Văn Tần với vốn tài trợ không hoàn lại hơn 100 tỷ đồng. Bến Lức cũng vận hành Trường THPT Nguyễn Trung Trực với mức đầu tư hơn 150 tỷ đồng từ nguồn tài trợ.Bên cạnh hệ thống công lập, địa phương chấp thuận mở nhiều trường tư thục như Trường tiểu học, trung học cơ sở và trung học phổ thông nội trú Emasi Plus, Trường Mầm non Thiên Thần Bé Thơ tại huyện Bến Lức; Trường Mầm non Sen Hồng tại huyện Châu Thành. Cũng trong năm nay, Hội khuyến học tỉnh đã vận động quỹ được hơn 77 tỷ đồng, cấp phát hơn 15.000 suất học bổng và 83.000 phần quà cho học sinh, sinh viên vượt khó hiếu học.Với hệ thống giáo dục nghề nghiệp, tỉnh có 13 cơ sở đang hoạt động, trong đó có 4 trường cao đẳng và 4 trường trung cấp. Số giáo viên, giảng viên và quản lý trong các cơ sở này là 758 người, tăng 302 người so với 10 năm trước. Từ năm 2014 đến nay, tỉnh triển khai 266 chương trình đào tạo nghề. Hơn 90% có việc làm sau tốt nghiệp. Để cải thiện cơ sở vật chất đào tạo nghề, tỉnh đầu tư hơn 271 tỷ đồng cho các cơ sở.Hoài Phương"
"Thứ trưởng Giáo dục: Cân nhắc bỏ 'xét tuyển sớm'","Theo dự thảo quy chế tuyển sinh đại học năm 2025 của Bộ Giáo dục và Đào tạo, các trường chỉ được xét tuyển sớm 20% chỉ tiêu. Hiện, các trường xét sớm bằng cách dùng học bạ, chứng chỉ quốc tế, điểm thi đánh giá năng lực....Chiều 7/12, tại họp báo Chính phủ thường kỳ, Thứ trưởng Giáo dục và Đào tạo Hoàng Minh Sơn cho biết điều chỉnh này căn cứ thực tiễn tuyển sinh đại học trong nhiều năm, lắng nghe ý kiến chuyên gia, trường đại học, nhà quản lý giáo dục phổ thông...""Việc điều chỉnh quy chế tuyển sinh phải dựa trên nguyên tắc công bằng, chất lượng, nâng cao hiệu quả, tạo thuận lợi cho thí sinh và các trường"", Thứ trưởng Sơn nói.

Thứ trưởng Giáo dục và Đào tạo Hoàng Minh Sơn. Ảnh: Nhật Bắc 
Theo Thứ trưởng Sơn, xét tuyển sớm ""như tạo nên một cuộc chạy đua"". Một trường tổ chức xét tuyển sớm khiến nhiều trường không đứng yên được và cũng làm theo.""Nhưng nếu tất cả cùng tham gia cuộc chạy đua này thì đều vất vả. Cơ sở đào tạo phải chuẩn bị hồ sơ từ sớm. Học sinh đang học cũng phải chạy đôn chạy đáo làm hồ sơ. Thầy cô giáo phải xác nhận sớm cho học sinh. Nhưng hiệu quả mang lại thì không cao"", ông Sơn phân tích.Theo thống kê của Bộ, cứ 8 nguyện vọng xét tuyển sớm mới có một nguyện vọng nhập học. Cứ hai thí sinh trúng tuyển xét tuyển sớm thì chỉ có một em nhập học.Xét tuyển sớm do các trường tự tổ chức, nên khi Bộ xét tuyển chung thì sẽ tạo ra tỷ lệ ảo. Điều này khiến các trường xác định chỉ tiêu và điểm chuẩn không chắc chắn.""Xét tuyển sớm dựa trên kết quả học tập khi các em chưa hoàn thành chương trình THPT nên cũng tạo ra sự không công bằng"", ông Sơn nói. Ngoài ra, nhiều trường THPT phản ánh có tình trạng học sinh đã trúng xét tuyển sớm rồi đến lớp chỉ để chơi. Hệ quả là tác động đến chất lượng giáo dục phổ thông.""Xét về cả khía cạnh công bằng, chất lượng, hiệu quả, sự thuận lợi, Bộ đã lắng nghe để điều chỉnh quy chế xét tuyển đại học"", ông Sơn cho hay. Giải thích về việc giảm tỷ lệ xét tuyển sớm còn 20%, ông nói để các trường tuyển được những học sinh có năng lực vượt trội. Những em còn lại vào đợt xét tuyển tập trung để đảm bảo công bằng, chất lượng, thuận lợi.""Tôi đã lắng nghe nhiều chuyên gia đồng thuận, thậm chí nhiều người còn đề xuất bỏ xét tuyển sớm, nên chúng tôi sẽ cân nhắc để lại tỷ lệ 20% hoặc bỏ"", ông Sơn cho hay.


Luật Giáo dục đại học sửa đổi năm 2018 cho phép các trường tự chủ tuyển sinh. Từ năm 2019, khi kỳ thi tốt nghiệp THPT được xác định với mục đích chính là xét tốt nghiệp, việc xét tuyển đầu vào đại học với nhiều phương thức nở rộ. Các phương thức phổ biến là xét học bạ, học bạ kết hợp chứng chỉ quốc tế, giải thưởng học sinh giỏi hay điểm thi đánh giá năng lực, tư duy, vào khoảng tháng 3-5 hàng năm. Cùng đó, các trường vẫn dành chỉ tiêu nhất định để xét bằng điểm kỳ thi tốt nghiệp THPT (tháng 7). Điều này dẫn đến cùng một ngành nhưng lại có nhiều ""điểm chuẩn"", đặc biệt điểm chuẩn từ thi tốt nghiệp bị đẩy lên cao.Với dự thảo mới, Bộ Giáo dục và Đào tạo làm rõ ""xét tuyển sớm"" là các đợt xét tuyển trước đợt chung của Bộ (sau kỳ thi tốt nghiệp THPT). Như vậy, với 80% chỉ tiêu xét ở đợt chung, các trường vẫn được sử dụng nhiều phương thức. Tuy nhiên, điểm chuẩn đợt sớm không thấp hơn đợt chung và phải quy đổi các phương thức về cùng một thang điểm.Đây mới là điểm gây tranh cãi. Nhiều chuyên gia tuyển sinh nhận định việc khắc phục bất cập của xét tuyển sớm là cần thiết, song chưa đồng tình cách làm. Cụ thể, Bộ không đưa ra căn cứ nào cho thấy con số 20% là công bằng. Ngoài ra, kỳ thi tốt nghiệp THPT bị cho không có độ phân hóa bằng các kỳ thi đánh giá năng lực, tư duy để chọn thí sinh chất lượng. Vì thế, việc quy đổi điểm theo thang chung gây rối rắm, khó hiểu.Tại hội thảo do Bộ tổ chức hôm qua, PGS.TS Nguyễn Đào Tùng, Giám đốc Học viện Tài chính, cho rằng con số 20% chỉ tiêu xét tuyển sớm không mang nhiều ý nghĩa, nên đề xuất mạnh dạn bỏ. TS Võ Thanh Hải, Phó hiệu trưởng Đại học Duy Tân và Ths Phạm Thái Sơn, Giám đốc Trung tâm tuyển sinh và Truyền thông, trường Đại học Công thương TP HCM, ủng hộ ý kiến này.Theo ông Sơn, việc Bộ định duy trì xét tuyển sớm với tỷ lệ chỉ tiêu thấp có thể gây lãng phí nguồn lực và thời gian cho cả các trường và thí sinh.Năm ngoái, 214 trong 322 trường xét tuyển sớm. Số thí sinh trúng tuyển theo diện này là hơn 375.500 em, trong đó 147.400 em đặt làm nguyện vọng 1 (gần 40%).Viết Tuân"
"Bộ Giáo dục làm rõ khái niệm 'xét tuyển sớm'","Dự thảo quy chế tuyển sinh đại học năm 2025 của Bộ Giáo dục và Đào tạo có nhiều điểm mới, trong đó các trường chỉ được xét tuyển sớm 20% chỉ tiêu.Hiện, các trường xét sớm bằng cách dùng học bạ, chứng chỉ quốc tế, điểm thi đánh giá năng lực.... Vì vậy, khi Bộ đưa ra dự kiến này, nhiều thí sinh cho rằng 80% chỉ tiêu còn lại phải xét từ kết quả thi tốt nghiệp. Từ đó, các em lo lắng, sợ mất cơ hội khi dùng các phương thức khác.Bộ khẳng định cách hiểu trên không đúng. Xét tuyển sớm và phương thức xét tuyển là hai khái niệm khác nhau.Trong đó, xét tuyển sớm chỉ các đợt tuyển sinh trước đợt xét tuyển chung của Bộ Giáo dục và Đào tạo (vào khoảng tháng 7, sau khi thí sinh biết điểm thi tốt nghiệp).Còn phương thức tuyển sinh được sử dụng ở bất kỳ đợt xét tuyển nào. Ở đợt xét tuyển sớm với 20% chỉ tiêu hay đợt chung với 80% chỉ tiêu, các trường đều có thể sử dụng đa dạng phương thức tuyển sinh.""Dù ở giai đoạn xét tuyển sớm hay đợt chung của Bộ, thí sinh vẫn có thể tham gia bằng các phương thức khác nhau. Các thí sinh có điểm IELTS, ACT/SAT, đánh giá năng lực, tư duy... không bị ảnh hưởng"", Bộ khẳng định.Riêng với xét học bạ, điểm mới là Bộ dự kiến phải dùng điểm cả học kỳ II lớp 12 thay vì chỉ dùng điểm 3-5 học kỳ ở THPT như nhiều trường đang làm. Do đó, ít nhất phải đến cuối năm học (sau 31/5), các đại học tuyển bằng phương thức này mới có thể nhận hồ sơ. Thời gian công bố kết quả vì thế không thể sớm như trước (tháng 3-tháng 5).

Thí sinh thi tốt nghiệp THPT 2024 tại TP HCM. Ảnh: Quỳnh Trần
Vấn đề gây tranh cãi nằm ở chỗ Bộ dự kiến điểm của đợt xét sớm phải bằng đợt xét tuyển chung. Ngoài ra, nếu tuyển bằng nhiều phương thức, trường đại học phải quy đổi tất cả về thang điểm chung.TS Hoàng Ngọc Vinh, nguyên Vụ trưởng Vụ Giáo dục chuyên nghiệp, Bộ Giáo dục và Đào tạo nhận định việc này bất khả thi bởi các kỳ thi tốt nghiệp, đánh giá năng lực hay học bạ có bản chất khác nhau. Việc quy đổi điểm tương đương đòi hỏi phải có dữ liệu về phân phối chuẩn trong 3-5 năm với mẫu phân tích lớn, cùng hàng loạt kỹ thuật so sánh, khảo thí phức tạp.""Với hơn 100 tổ hợp xét tuyển và hàng loạt phương thức, việc xây dựng hệ quy đổi đòi hỏi dữ liệu khổng lồ và nghiên cứu sâu rộng, điều mà hiện chưa được thực hiện. Quy đổi không chính xác sẽ gây bất công và ảnh hưởng đến chất lượng đầu vào"", ông nói.Một số chuyên gia tuyển sinh cũng cho rằng việc này rất phức tạp, có thể khiến nhiều trường ngại dùng nhiều phương thức, dẫn đến dành phần lớn chỉ tiêu xét bằng điểm thi tốt nghiệp hay học bạ - những phương thức bớt phức tạp trong quy đổi điểm nhất.Năm ngoái, 214 trong 322 trường xét tuyển sớm. Số thí sinh trúng tuyển theo diện này là hơn 375.500 em, trong đó 147.400 em đặt làm nguyện vọng 1 (gần 40%).



Dương Tâm"
"Bộ Giáo dục 'buông lỏng quản lý' chứng chỉ ngoại ngữ","Nội dung này nằm trong kết luận của Thanh tra Chính phủ về giải quyết thủ tục hành chính, dịch vụ công tại Bộ Giáo dục và Đào tạo, công bố hôm 6/12.Cơ quan này cho biết từ tháng 8/2018 đến tháng 9/2022, nhiều đơn vị liên kết đã tổ chức thi, cấp chứng chỉ ngoại ngữ quốc tế, dù chưa được cấp phép. Là cơ quan quản lý nhà nước, Bộ Giáo dục và Đào tạo đã buông lỏng, chưa có biện pháp ngăn chặn kịp thời sai phạm cũng như chấn chỉnh, xử lý, gây bức xúc trong xã hội.Thanh tra Chính phủ đề nghị Bộ rà soát hoặc kiến nghị cấp có thẩm quyền các biện pháp giải quyết vi phạm, khắc phục hậu quả nếu có, đảm bảo quyền và lợi ích của người thi. Cùng đó, Bộ cần chấn chỉnh việc phê duyệt hoạt động thi chứng chỉ, đảm bảo minh bạch, không để phát sinh tiêu cực và bức xúc.Nghị định 86/2018 của Chính phủ (có hiệu lực tháng 8/2018) quy định việc liên kết đào tạo và tổ chức cấp chứng chỉ ngoại ngữ nước ngoài do Bộ Giáo dục và Đào tạo phê duyệt.Tuy nhiên, đến tháng 7/2022, Bộ mới ra thông tư hướng dẫn, yêu cầu các đơn vị làm đề án, trình Bộ xem xét, hạn trong gần hai tháng. Nhiều bên không kịp nên phải đồng loạt dừng tổ chức thi IELTS, TOEFL (tiếng Anh), HSK (tiếng Trung), TOPIK (tiếng Hàn), NAT- TEST (tiếng Nhật).Nhiều người sốc bởi dịp này trùng với đợt nộp hồ sơ du học Mỹ và châu Âu (chứng chỉ ngoại ngữ là bắt buộc). Ngoài ra, nhiều đại học tuyển sinh bằng chứng chỉ quốc tế kết hợp với học bạ hoặc điểm thi tốt nghiệp THPT, hoặc dùng công nhận chuẩn đầu ra ngoại ngữ cho sinh viên.IDP - một trong hai đơn vị được tổ chức thi và cấp chứng chỉ IELTS tại Việt Nam sau đó bị Bộ kết luận cấp sai 56.200 chứng chỉ. Hơn 90.000 chứng chỉ Aptis của Hội đồng Anh bị tương tự. Trước phản ứng, Bộ cho biết vẫn công nhận giá trị các chứng chỉ này, thí sinh và các trường được sử dụng bình thường.Thời điểm đó, Cục kiểm tra văn bản của Bộ Tư pháp cho rằng việc Bộ Giáo dục và Đào tạo chậm ban hành thông tư hướng dẫn là nguyên nhân khiến các đơn vị tổ chức liên kết thi cấp chứng chỉ không thể nộp hồ sơ xin cấp phép.Thanh Hằng"
"KMS Technology đóng góp 350.000 USD cho y tế, giáo dục","Buổi ký kết hợp tác giữa hai đơn vị được tổ chức tại TP HCM vào ngày 28/11. Ông Trần Trọng Đại, Tổng giám đốc KMS Technology, cho biết qua việc hợp tác, hai đơn vị cam kết chung tay nâng cao chất lượng cuộc sống cho nhóm đối tượng yếu thế. Cụ thể, KMS Technology cùng VinaCapital Foundation triển khai các chương trình y tế và giáo dục, nhằm nâng cao chất lượng cuộc sống cho những đối tượng dễ bị tổn thương như trẻ em, phụ nữ hoàn cảnh khó khăn.

Đại diện hai đơn vị trao thỏa thuận hợp tác. Ảnh: KMS Technology
Theo đại diện KMS, việc đồng hành VCF thể hiện đúng với mục tiêu phát triển kinh doanh, song hành cùng giá trị cộng đồng từ những ngày đầu thành lập của doanh nghiệp. Ông Trần Trọng Đại nói thêm: ""Thông qua các chương trình sắp thực hiện, chúng tôi mong muốn góp phần xây dựng Việt Nam phát triển bền vững, nơi mọi trẻ em và phụ nữ đều có cơ hội phát triển toàn diện"".Trong năm 2023 KMS Technology đồng hành cùng Thành đoàn TP HCM và VCF triển khai chương trình Yêu thương nâng bước nhằm hỗ trợ, bảo vệ và tiếp sức cho hơn 2.300 trẻ mồ côi do đại dịch Covid-19 tại TP HCM.Dự kiến, đơn vị tiếp tục cùng VCF thực hiện nhiều chương trình nhằm thay đổi cuộc sống hàng triệu người Việt. Hiện nay, VCF triển khai nhiều hoạt động trên cả nước như: khám tim miễn phí, tài trợ chi phí phẫu thuật cho trẻ em ở vùng sâu vùng xa mắc bệnh tim bẩm sinh, trao học bổng và tiếp sức đến trường cho nữ sinh dân tộc thiểu số. VinaCapital Foundation còn trao tặng thiết bị y tế sơ sinh thiết yếu tại các cơ sở y tế nông thôn, lắp đặt hệ thống lọc nước chất lượng tại các cơ sở y tế và trường học...Về phía VinaCapital Foundation, ông Rad Kivette, Tổng giám đốc tổ chức kỳ vọng sự hợp tác này sẽ mang đến cuộc sống tốt đẹp hơn cho trẻ em, người mẹ có hoàn cảnh khó khăn. Qua đó, giúp họ tiếp cận với những dịch vụ y tế, giáo dục chất lượng cao để có được tương lai tươi sáng hơn.

Lễ khai mạc chương trình Thăm khám cho trẻ em bị ảnh hưởng do dịch bệnh Covid-19 với sự tham gia của KMS năm 2023. Ảnh: KMS Technology
KMS Technology thành lập năm 2009 là công ty dịch vụ tư vấn và phát triển phần mềm có trụ sở chính tại Mỹ, với các trung tâm phát triển tại Việt Nam và Mexico. Công ty được tín nhiệm trên toàn cầu về chất lượng vượt trội của dịch vụ, giải pháp và trình độ chuyên môn cao của đội ngũ kỹ sư, vào danh sách những nơi làm việc tốt nhất tại Việt Nam, châu Á, Mỹ trong nhiều năm liên tiếp.

Hai đơn vị cam kết chung tay nâng cao chất lượng cuộc sống cho nhóm đối tượng yếu thế. Ảnh: KMS Technology
VinaCapital Foundation, thành lập năm 2006, là tổ chức phi lợi nhuận được cấp phép tại Mỹ và hoạt động tại Việt Nam. Đơn vị hướng đến mục tiêu tạo ra các giải pháp ba lĩnh vực: y tế thiết yếu, nâng cao năng lực y tế, giáo dục. Qua đó, quỹ kỳ vọng thay đổi cuộc sống của trẻ em và phụ nữ có hoàn cảnh khó khăn tại Việt Nam.Hoàng Đan"
"Sở Giáo dục TP HCM đề xuất điều chỉnh lịch nghỉ Tết của học sinh","Thông tin được bà Nguyễn Minh Bạch Lan, Phó chánh văn phòng Sở Giáo dục và Đào tạo, đề cập tại cuộc họp báo các vấn đề kinh tế - xã hội trên địa bàn TP HCM, chiều 5/12.Dự kiến tăng hai ngày nghỉ TếtTết Nguyên đán Ất Tỵ, thành phố cho học sinh nghỉ từ ngày 25/1 đến hết 2/2/2025 (26 tháng Chạp đến mùng 5 tháng Giêng), tổng 9 ngày. Tuy nhiên, nhiều phụ huynh cho rằng như vậy là ngắn, bất tiện với các gia đình muốn về thăm người thân ở xa. Các năm trước, kỳ nghỉ Tết của học sinh thường kéo dài 12-16 ngày.Bà Lan cho biết lịch nghỉ Tết của học sinh nằm trong khung kế hoạch năm học được UBND thành phố phê duyệt. Theo tình hình thực tế và kế hoạch của các trường, Sở đang tính toán phương án phù hợp để trình thành phố, trên tinh thần đảm bảo tính thống nhất, tạo điều kiện cho giáo viên, học sinh.Tuy nhiên, đại diện Sở chưa thông tin cụ thể. Bà Lan cho hay Sở sẽ công bố thời gian nghỉ Tết chính thức sau khi được phê duyệt.

Học sinh TP HCM trong ngày khai giảng năm học 2023. Ảnh: Quỳnh Trần 

Theo quy định của Bộ Giáo dục và Đào tạo, học sinh có 35 tuần thực học và 2 tuần dành cho các ngày nghỉ lễ, hoạt động khác. Ngoài ra, thời gian nghỉ hè phải trọn vẹn ba tháng.
Trước đó, một đại diện Sở Giáo dục và Đào tạo giải thích TP HCM bắt đầu năm học từ ngày 5/9, phải kết thúc trước ngày 31/5. Thực tế, các hoạt động kiểm tra cuối năm đã phải hoàn thành trước đó. Ngoài ra, mọi năm lịch nghỉ Tết dài hơn 3-7 ngày, do ngày bắt đầu kỳ nghỉ rơi vào thứ hai, hoặc cũng có năm mùng 6 Tết vào giữa tuần nên Sở kết hợp các ngày nghỉ cuối tuần.
""Nhưng năm nay, ngày bắt đầu nghỉ vào thứ bảy, mùng 6 Tết rơi vào thứ hai. Nếu cho nghỉ thêm một tuần sẽ không đủ thời gian cho kế hoạch còn lại của năm học"", đại diện Sở cho biết.
Do đó, phương án chỉ 9 ngày - tương tự lịch của người lao động là hợp lý và đảm bảo khung thời gian năm học. Hơn nữa, khi phụ huynh đi làm, con cái trở lại trường học giúp họ thuận tiện sắp xếp đưa đón, yên tâm làm việc.
Tuy nhiên, theo khảo sát trên VnExpress, tính đến 5/12, hơn 7.500 độc giả mong thời gian nghỉ Tết cho học sinh dài hơn, tương đương 83% người tham gia.



Lệ Nguyễn"
"'Bộ Giáo dục chủ trương không cấm dạy thêm'","Trưa 20/11, sau khi lắng nghe 37 ý kiến và hai tranh luận, góp ý xây dựng dự thảo luật Nhà giáo, Bộ trưởng Giáo dục và Đào tạo Nguyễn Kim Sơn giải trình, làm rõ các vấn đề đại biểu quan tâm.Theo Bộ trưởng, 20/11 là ngày Tết của các thầy cô giáo, và năm nay niềm hạnh phúc đó được nhân lên khi Quốc hội thảo luận về Luật Nhà giáo. ""Chưa nói nội dung, chỉ riêng việc Chính phủ, Quốc hội đồng ý xây dựng luật đã là một sự ghi nhận, động viên to lớn với chúng tôi"", ông nói.Tư lệnh ngành Giáo dục cho biết trước khi Quốc hội thảo luận, một vài thầy cô đã nhắn tin cho ông bày tỏ băn khoăn và đề nghị Bộ trưởng kiến nghị Chủ tịch Quốc hội chuyển sang ngày khác. Họ nói rằng 20/11 cả triệu giáo viên ngồi theo dõi, ""nhỡ có ai nói gì động chạm thì chắc không chịu nổi"".""Nhưng tôi bảo không sao, đây là sự quan tâm rất lớn của Quốc hội dành cho nhà giáo. Lời chúc mừng mà Phó chủ tịch Quốc hội Nguyễn Thị Thanh nói đầu phiên thảo luận rất cảm động, nhiều người thấy hạnh phúc, nhưng có lẽ hôm nay tôi là người hạnh phúc nhất"", Bộ trưởng Giáo dục và Đào tạo chia sẻ.

Bộ trưởng Nguyễn Kim Sơn. Ảnh: Media Quốc hội
Trả lời ý kiến của đại biểu Nguyễn Văn Cảnh, Chamaléa Thị Thủy và Đỗ Huy Khánh về việc ""yêu cầu nhóm yếu học thêm"" và có chính sách đáp ứng nhu cầu được học thêm của học sinh, phụ huynh, ông Sơn cho biết ""Bộ chủ trương không cấm dạy thêm nhưng cấm những hành vi dạy thêm vi phạm đạo đức của nhà giáo, nguyên tắc chuyên môn, ví dụ như ép buộc học sinh"".Trước đó, đại diện Bộ từng khẳng định dạy thêm, học thêm là nhu cầu thực tế của cả giáo viên, học sinh. Việc này không cần phải cấm hay đáng chê trách. Vấn đề khiến dư luận bức xúc là việc học sinh phải đi học thêm lớp do giáo viên dạy bên ngoài, dù các em không muốn.Hiện giáo viên không được dạy thêm ngoài nhà trường với học sinh chính khóa của mình, nếu chưa được hiệu trưởng cho phép. Bộ Giáo dục và Đào tạo đang xây dựng quy định mới, loại bỏ các thủ tục hình thức. Chẳng hạn, thay vì xin phép hiệu trưởng, thầy cô có thể dạy nhưng cần lập danh sách học sinh, báo cáo hiệu trưởng và cam kết không bắt buộc các em. Đồng thời, giáo viên không sử dụng những ví dụ, câu hỏi, bài tập đã dạy thêm để kiểm tra, đánh giá học sinh.Bộ cũng đề xuất đưa dạy thêm vào ngành nghề kinh doanh có điều kiện, nhằm tránh biến tướng, giúp thuận lợi trong quản lý, đảm bảo quyền lợi của cả thầy và trò.Hôm 18/11, Đại học Quốc gia TP HCM công bố báo cáo nghiên cứu về đời sống giáo viên mầm non và phổ thông, thực nghiệm tại Bình Thuận, Tây Ninh và Hậu Giang. Hơn 63% trong 12.500 giáo viên tham gia muốn được hợp pháp dạy thêm tại nhà và dạy thêm online để tăng thu nhập chính đáng. Thầy cô cho biết dù lương cơ sở đã tăng từ 1,8 lên 2,34 triệu đồng, thu nhập chỉ đáp ứng một nửa (51,8%) nhu cầu chi tiêu gia đình.Khoảng 25,4% thầy cô cho biết đang dạy thêm trong trường và 8,2% dạy ngoài trường. Các môn dạy thêm chủ yếu là Toán, Văn, Tiếng Anh, Vật lý, Hóa học. Giáo viên tiểu học dạy thêm trung bình 8,6 giờ một tuần, cấp THCS và THPT lần lượt là 13,75 và 14,91 giờ.Họ cho rằng việc hợp pháp hóa dạy thêm ở nhà giúp giữ được hình ảnh cao quý của nghề giáo trong mắt học sinh và xã hội, ""còn hơn làm các nghề tay trái ít liên quan đến nghề nghiệp"".Phỏng vấn trực tiếp hơn 130 giáo viên và cán bộ quản lý, nhóm nghiên cứu cho biết nhiều người nhìn nhận học thêm là nhu cầu có thật và chính đáng. Ngoài xuất phát từ mong muốn cải thiện thành tích học tập của con em, các phụ huynh không thể đón con kịp lúc tan trường nên muốn cho con học thêm để phù hợp với giờ làm việc của mình.


Không muốn ngành giáo dục có đặc quyền đặc lợiTại Quốc hội sáng nay, nói thêm về dự án luật Nhà giáo, Bộ trưởng Sơn nói ban soạn thảo hướng đến một số chính sách đặc thù và khác so với hiện hành, như tuổi nghỉ hưu, bậc lương; cơ chế tự chủ trong tuyển dụng, điều động giáo viên. Bộ đề xuất lương nhà giáo được xếp cao nhất trong hệ thống thang bậc lương hành chính sự nghiệp sau khi nghiên cứu các văn bản luật và chỉ đạo của Tổng Bí thư.""Chúng tôi không muốn ngành mình có đặc quyền, đặc lợi hay sự ưu ái bất thường. Nhà giáo là người sống trách nhiệm, bao dung, vị tha. Nhà giáo không chấp nhận sống sung sướng mà để người khác nghèo hơn mình"", ông nói.Ông cho hay đề xuất về lương hướng đến số đông trong 1,6 triệu nhà giáo còn chưa đủ sống. Đội ngũ này, theo ông là ""không thể toàn tâm, toàn ý cho dạy học"". Trong bối cảnh đất nước còn nhiều khó khăn, Nhà nước không thể ""dàn hàng ngang ưu tiên cho tất cả"". Do đó, đây là sự ưu tiên cần dành cho quốc sách hàng đầu là giáo dục. Việc xác định cụ thể thế nào là ""lương đảm bảo cuộc sống ở mức tối thiểu của nhà giáo"" sẽ được Chính phủ quy định chi tiết.



Sơn Hà"
"Omn1 Solution ra mắt phần mềm quản lý giáo dục Eduforce","Buổi ra mắt sản phẩm diễn ra vào ngày 20/11, thu hút hơn 80 khách tham dự, đến từ hơn 40 tổ chức giáo dục, các trường học và trung tâm đào tạo. Tại đây, các diễn giả đã chia sẻ nhiều thông tin về ứng dụng AI trong quản lý giáo dục và những trải nghiệm với Eduforce.Giảng viên Nguyễn Trọng Thiện, Giám đốc chuyển đổi số Viện ISB, Đại học Kinh tế TP HCM trình bày chủ đề ""Ứng dụng công nghệ và AI nhằm nâng cao trải nghiệm người học và hiệu quả vận hành tổ chức giáo dục"". Diễn giả đã phân tích cách các tổ chức giáo dục có thể khai thác sức mạnh của trí tuệ nhân tạo và công nghệ để tối ưu hóa quy trình quản lý. Ông cùng chia sẻ vai trò của công nghệ trong suốt hành trình trải nghiệm của người học. Theo đó, người học kỳ vọng có được những trải nghiệm học tập tốt thông qua ứng dụng công nghệ như: tìm kiếm thông tin qua các nền tảng mạng xã hội, đơn giản hóa thủ tục đăng ký và thanh toán điện tử, được cung cấp tài liệu học tập và các nội dung tương tác qua các hệ thống e-learning...""Eduforce sẽ là một giải pháp tiên phong, không chỉ giúp nâng cao năng lực vận hành của nhà trường mà còn mở ra cơ hội đổi mới trong trải nghiệm học tập"", ông Nguyễn Trọng Thiện đánh giá sau quá trình tìm hiểu và trải nghiệm Eduforce.

Ông Nguyễn Trọng Thiện. Ảnh: NVCC
Ông Hoàng Việt Tùng, Chủ tịch hội đồng quản trị VTC Academy trình bày chủ đề ""Đầu tư hiệu quả công cụ quản lý - vận hành trong tổ chức giáo dục"". Bài chia sẻ nói về tầm quan trọng của việc lựa chọn giải pháp quản lý phù hợp để đạt được sự cân bằng giữa hiệu quả vận hành và tối ưu chi phí.Với cương vị lãnh đạo cấp cao và là một nhà đầu tư trong lĩnh vực giáo dục - đào tạo, ông Hoàng Việt Tùng nhấn mạnh ba tiêu chí để chọn lựa giải pháp công nghệ phù hợp. Đầu tiên là tính đồng bộ và sự kết nối liền mạch. Tức là giải pháp có thể kết nối xuyên suốt giữa các hệ thống, thích ứng được tất cả nghiệp vụ để phục vụ cho tuyển sinh, đào tạo và quản lý.Thứ hai là tính liên tục. Theo đó, nên có một lộ trình dài hạn để xây dựng hoàn thiện hệ thống giải pháp, tích lũy kinh nghiệm và tối ưu hóa nguồn lực của các dự án. Và thứ ba là tính tối ưu: giải pháp cần phù hợp với lộ trình đầu tư phát triển của nhà trường. Theo ông, chi phí là một trong các tiêu chí đánh giá, tuy nhiên việc sử dụng các giải pháp chi phí thấp có thể không mang lại hiệu quả như kỳ vọng.Ông đánh giá cao hệ thống tính năng toàn diện, nền tảng Salesforce của sản phẩm Eduforce cũng như bề dày kinh nghiệm của Omn1 Solution. Đây sẽ là trợ lực to lớn để các tổ chức giáo dục tiết kiệm thời gian, nguồn lực và đảm bảo hiệu quả đầu tư dài hạn.

Ông Hoàng Việt Tùng. Ảnh: NVCC
Theo Omn1 Solution, Eduforce là giải pháp quản lý và vận hành toàn diện, tích hợp trí tuệ nhân tạo (AI) trên nền tảng Salesforce. Eduforce cho phép các tổ chức giáo dục cài đặt và sử dụng ngay lập tức mà không cần đầu tư thời gian và ngân sách lớn vào việc phát triển hệ thống. ""Giải pháp này giúp tối ưu hóa quy trình, mang đến hiệu quả vượt trội trong việc quản lý, tiết kiệm nguồn lực, đồng thời đảm bảo các tổ chức giáo dục sẵn sàng đáp ứng nhu cầu đổi mới trong thời đại số"", đại diện Omn1 Solution cho biết.Eduforce được chia thành 4 phân hệ chính: truyền thông, tuyển sinh, quản lý đào tạo, chăm sóc phụ huynh và người học. Cụ thể với phân hệ truyền thông, Eduforce giúp tổ chức giáo dục tìm kiếm và kết nối với người học phù hợp thông qua việc tối ưu hóa các chiến dịch tuyển sinh, marketing tự động hóa, hợp nhất dữ liệu đa kênh. Với phân hệ tuyển sinh, giải pháp giúp tăng tỷ lệ tuyển sinh thành công với quy trình tối ưu, thông minh, tự động hóa các giai đoạn trong hành trình tư vấn và tương tác với học sinh, phụ huynh. Với phân hệ quản lý đào tạo, giải pháp hỗ trợ nâng cao chất lượng quản lý và trải nghiệm của người học. Eduforce quản lý toàn diện chương trình học, lớp học, giáo viên, lộ trình học tập, đánh giá - khảo thí và nhiều tính năng khác. Cuối cùng, phân hệ chăm sóc phụ huynh và người học hỗ trợ xử lý yêu cầu của học sinh, sinh viên, phụ huynh một cách nhanh chóng và hiệu quả, giúp cải thiện chỉ số hài lòng đối với nhà trường.Hơn thế nữa, Eduforce còn cung cấp ứng dụng di động dành cho phụ huynh và người học với bộ tính năng toàn diện và giao diện dễ sử dụng. Ứng dụng này sẽ giúp người học, phụ huynh, giáo viên và các bộ phận hỗ trợ của nhà trường có thể tương tác và kết nối mọi lúc mọi nơi.

Màn hình ứng dụng Eduforce. Ảnh: Omn1 Solution
Theo thống kê ban đầu của Omn1 Solution, Eduforce có thể giúp các tổ chức giáo dục bứt phá cùng các chỉ tiêu hoạt động hiệu quả: tăng ROI (lợi tức đầu tư) trong marketing lên 30%, tăng tỷ lệ chuyển đổi tuyển sinh 50%, giảm khối lượng công việc thủ công, giảm 60% phản hồi tiêu cực.Nhân dịp ra mắt, Omn1 Solution giới thiệu chương trình hỗ trợ đặc biệt dành cho các tổ chức giáo dục khi đăng ký tư vấn, dùng thử và triển khai Eduforce. Giải pháp mang đến cơ hội để các tổ chức giáo dục hiện thực hóa chiến lược chuyển đổi số và tạo dấu ấn khác biệt trên hành trình phát triển.(Nguồn: Omn1 Solution)

Tìm hiểu thêm về giải pháp Eduforce tại đâyEmail: info@Omn1solution.comHotline: (+84) 28 6685 9944"
"Dự kiến buộc gửi điểm thi đánh giá năng lực, tư duy về Bộ Giáo dục","Ông Nguyễn Mạnh Hùng, chuyên viên chính Vụ Giáo dục Đại học, Bộ Giáo dục và Đào tạo, đưa ra thông tin trên tại buổi họp với các đại học phía Nam về dự thảo xác định chỉ tiêu và quy chế tuyển sinh đại học 2025, chiều 26/11.Giải thích về điểm mới này, ông cho biết hiện có nhiều đơn vị tổ chức kỳ thi riêng để tuyển sinh. Ngoài hai đại học quốc gia còn có Đại học Bách khoa Hà Nội, các trường sư phạm. Số trường đăng ký dùng chung kết quả ngày càng nhiều nhưng lại yêu cầu thí sinh phải lấy phiếu xác nhận điểm thi ở nơi tổ chức, gây phiền hà, bức xúc cho người dự thi.Do đó, Bộ dự kiến bắt buộc các trường tổ chức thi riêng phải cung cấp dữ liệu kết quả thi lên hệ thống để các trường khác dễ dàng tra cứu, dùng xét tuyển.""Các đơn vị phải chịu trách nhiệm về độ chính xác của kết quả, hạn chế yêu cầu học sinh đến trường xin phiếu xác nhận điểm"", ông Hùng nói.Ngoài ra, đại diện Vụ Giáo dục đại học cho hay 2025 là năm đầu tiên học sinh thi tốt nghiệp THPT theo chương trình mới, do đó dự thảo quy chế nhấn mạnh các trường phải điều chỉnh đề thi để bám sát chương trình học, không đánh giá ngoài nội dung được học.

Thí sinh dự thi đánh giá năng lực do Đại học Quốc gia TP HCM tổ chức, tháng 4. Ảnh: Quỳnh Trần 
Cả nước hiện có hơn 10 kỳ thi đánh giá năng lực, tư duy do các trường đại học tự tổ chức để tuyển sinh đại học. Khoảng 100 trường khác cũng dùng kết quả này, yêu cầu thí sinh nộp giấy chứng nhận làm minh chứng. Sau khi tự xét tuyển riêng, thường là trước khi có điểm thi tốt nghiệp, các trường nhập nguyện vọng của thí sinh lên hệ thống chung của Bộ để lọc ảo.Năm nay, số lượng thí sinh tham gia kỳ thi riêng cao kỷ lục. Kỳ thi đánh giá năng lực của hai đại học quốc gia có hơn 230.000 lượt. Còn Đại học Bách khoa Hà Nội ghi nhận khoảng 40.000 thí sinh đăng ký thi đánh giá tư duy, gần gấp 3 lần so với năm ngoái.Bộ Giáo dục và Đào tạo đang lấy ý kiến về dự thảo quy chế tuyển sinh đại học 2025. Ba điểm mới đáng chú ý là giới hạn các phương thức xét tuyển sớm chỉ còn 20% chỉ tiêu, điểm chuẩn xét tuyển sớm không được thấp hơn điểm của đợt xét chung do Bộ Giáo dục và Đào tạo chủ trì. Ngoài ra, điểm xét tuyển ở mọi phương thức (thi đánh giá năng lực, học bạ, kết hợp học bạ và chứng chỉ quốc tế, thi tốt nghiệp...) phải quy đổi về thang điểm chung.Lệ Nguyễn"
"FPT sẽ mở văn phòng đại diện giáo dục tại Nhật Bản","Văn phòng đại diện giáo dục của FPT sẽ được đặt tại một trong các chi nhánh của FPT ở Nhật Bản. Tập đoàn đang có mặt tại Tokyo, Osaka, Nagoya, Fukuoka..., các thành phố có hệ thống giáo dục chất lượng cao và phát triển công nghệ. Trong đó, Mita là văn phòng mới nhất của FPT tại Nhật Bản, hoạt động từ ngày 1/7 với tổng diện tích 3.000 m2, nằm ở tầng 33 một toà nhà cao cấp ở Tokyo.Với kế hoạch mở văn phòng đại diện giáo dục tại Nhật Bản, FPT đặt mục tiêu sẽ thúc đẩy hợp tác đào tạo, nghiên cứu khoa học và trao đổi sinh viên trong tương lai.Theo TS. Lê Trường Tùng - Chủ tịch hội đồng trường Đại học FPT, Tập đoàn FPT, việc mở văn phòng đại diện giáo dục tại Nhật Bản là hoạt động thể hiện chiến lược quốc tế hóa giáo dục và phát triển nguồn nhân lực chất lượng cao, phù hợp với bối cảnh mới. Đây sẽ là trung tâm thúc đẩy thực hiện hợp tác quốc tế, lấy hạt nhân là Nhật Bản, trong đó trọng tâm là đào tạo nguồn nhân lực, nghiên cứu khoa học, trao đổi và giao lưu sinh viên.""FPT đang đặt kỳ vọng và đầu tư lớn cho AI, thiết kế chip - vi mạch bán dẫn và Nhật Bản là một đối tác, thị trường lớn, có nhiều cơ hội để hợp tác, học hỏi, phát triển trong các lĩnh vực này"", ông nhấn mạnh.Bên cạnh các bạn trẻ Việt Nam, văn phòng còn chào đón sinh viên từ Nhật Bản, các nước khu vực Đông Bắc Á và các khu lân cận. Tại đây, FPT sẽ phát triển các hoạt động đào tạo, trao đổi, giao lưu sinh viên Việt Nam - Nhật Bản, tăng cường trải nghiệm giáo dục hai chiều trong nước, quốc tế cho người học. Qua đó, sinh viên Việt Nam có cơ hội trải nghiệm môi trường giáo dục quốc tế tại Nhật Bản. Các bạn trẻ quốc tế cũng có thể khám phá hệ sinh thái giáo dục của Việt Nam.

Lễ công bố hợp tác mở văn phòng đại diện giáo dục của FPT tại Nhật Bản. Ảnh: FPT
Ngoài ra, FPT đặt kế hoạch phát huy mạng lưới đối tác tại Nhật Bản và cộng đồng cựu sinh viên FPT tại Nhật để mở ra các trải nghiệm làm việc, thực tập, hỗ trợ tìm kiếm cơ hội việc làm hoặc học tập lên các bậc học cao hơn cho sinh viên sau khi tốt nghiệp. Đồng thời, việc đào tạo ngành Ngôn ngữ Nhật hay dạy tiếng Nhật như một ngoại ngữ thứ hai cho sinh viên Công nghệ thông tin cũng tạo thuận lợi để đơn vị đưa nhiều bạn trẻ tham gia các hoạt động, thu hút sinh viên Nhật Bản có trải nghiệm giáo dục Việt Nam.Theo chia sẻ của bà Chu Thị Thanh Hà - Chủ tịch FPT Software, Tập đoàn FPT, sự kiện ký kết với Tổ chức Giáo dục FPT đánh dấu bước tiến quan trọng trong việc thực hiện cam kết lâu dài của tập đoàn trong việc đào tạo và cung ứng nguồn nhân lực chất lượng cao cho ngành IT, đặc biệt là Nhật Bản, thị trường có yêu cầu khắt khe về chất lượng của các kỹ sư.""Tôi tin rằng, sự song hành của các đơn vị thành viên thuộc FPT sẽ tiếp tục tạo được những bước tiến mới trong đào tạo, phát triển nguồn nhân lực chất lượng cao, có chuyên môn IT, thành thạo tiếng Nhật và hiểu biết về văn hóa Nhật Bản, đồng thời, thể hiện sự đoàn kết, hợp lực FPT trên hiện diện toàn cầu"", bà nhấn mạnh.Hiện, FPT thiết lập quan hệ với 180 đối tác ngành giáo dục từ 40 quốc gia trên thế giới. Từ năm 2009, tập đoàn đã có những sinh viên quốc tế từ Nhật Bản, Đức, Pháp, Bồ Đào Nha, Thái Lan, Triều Tiên, Myanmar, Brunei... theo học, trao đổi, giao lưu văn hóa. Năm 2023, FPT có hơn 3.500 học sinh, sinh viên tham gia trải nghiệm quốc tế. FPT có một trung tâm phát triển sinh viên quốc tế, đặt khu học xá chính tại Đà Nẵng.Với 20 năm hoạt động tại thị trường Nhật Bản, FPT là một trong những công ty công nghệ có vốn đầu tư nước ngoài lớn nhất Nhật Bản xét về nguồn nhân lực. Đơn vị hiện có hơn 3.500 nhân viên làm việc trực tiếp tại Nhật Bản, cùng gần 15.000 chuyên gia trên toàn cầu cung cấp các dịch vụ và giải pháp kỹ thuật số cho hơn 450 khách hàng trên thế giới.Nhật Lệ"
"EQuest nhận giải ESG vì thu hẹp khoảng cách giáo dục vùng miền","Tập đoàn Giáo dục EQuest vừa được Hiệp hội Thương mại Mỹ tại Việt Nam (AmCham Vietnam) vinh danh tại lễ trao giải ESG Impact Showcase năm 2024, đánh dấu năm thứ ba liên tiếp tập đoàn được ghi nhận vì những đóng góp xuất sắc trong thúc đẩy các sáng kiến ESG (Môi trường, Xã hội và Quản trị).ESG Impact Showcase là giải thưởng thường niên của AmCham Vietnam nhằm vinh danh các doanh nghiệp, tổ chức nhiều ngành nghề khác nhau, dựa trên các tiêu chí đánh giá về môi trường, xã hội và quản trị. Năm 2024, tập đoàn tiếp tục được ghi nhận vì những nỗ lực trong việc thu hẹp khoảng cách giáo dục tại các vùng cao vùng xa.

EQuest nhận giải thưởng ESG vì tạo ra tác động giáo dục tích cực cho cộng đồng. Ảnh: EQuest
Theo đó, từ năm 2022, EQuest và iSMART Education, một thành viên của tập đoàn, đã triển khai Dự án dạy tiếng Anh qua Toán và Khoa học cho học sinh tiểu học theo hình thức trực tiếp kết hợp trực tuyến (mô hình iLink) tại huyện miền núi Mù Cang Chải, Yên Bái. Đây là một dự án dài hạn kéo dài 5 năm, nhằm giải quyết tình trạng thiếu hụt nghiêm trọng giáo viên tiếng Anh tại khu vực này, nơi một giáo viên phải dạy cho hơn 9.200 học sinh ở 16 trường tiểu học.Nhờ mô hình iLink, hơn 3.600 học sinh được học hai tiết tiếng Anh mỗi tuần qua các môn Toán và Khoa học. Khác với các lớp học trực tuyến truyền thống, iLink kết nối giáo viên trực tiếp với học sinh tại các lớp học thông qua nền tảng trực tuyến, vượt qua rào cản địa lý và tài nguyên. Phương pháp này không chỉ giúp học sinh học tiếng Anh mà còn tăng cường kiến thức về các môn học quan trọng, vốn khó tiếp cận tại các khu vực vùng cao do thiếu giáo viên. Đồng thời, dự án cũng hỗ trợ 114 giáo viên địa phương nâng cao kỹ năng công nghệ và năng lực giảng dạy, tạo sự thay đổi rõ rệt về chất lượng giáo dục tại khu vực này, bất chấp những khó khăn về hạ tầng và kết nối Internet.

Các em học sinh tại Mù Cang Chải tham gia tiết học theo mô hình iLINK. Ảnh: EQuest
Sau hai năm triển khai, từ việc gần như chưa được tiếp cận ngoại ngữ, giờ đây, gần 4.000 học sinh ở 16 trường tại Mù Cang Chải đã có cơ hội học tiếng Anh đều đặn hàng tuần. 114 giáo viên địa phương đã thành thục trong việc sử dụng công nghệ giảng dạy. Theo báo cáo thống kê tại cuộc họp sơ kết hai năm triển khai dự án do Phòng Giáo dục và Đào tạo huyện Mù Cang Chải tổ chức, tháng 8/2024), kết quả học tập của học sinh có tiến bộ đáng kể với tỷ lệ học sinh đạt điểm 7 trở lên đã tăng hơn 30% trong năm học 2023-2024. Đặc biệt, ở khối 4, số học sinh đạt điểm cao nhất (9-10) tăng gần 50% so với năm trước. Số học sinh đạt điểm dưới trung bình cũng đã giảm rõ rệt.TS. Đàm Quang Minh, Phó Tổng giám đốc Tập đoàn EQuest, chia sẻ: ""Chúng tôi tin rằng giáo dục chính là nền tảng vững chắc cho một tương lai phát triển bền vững, không chỉ truyền đạt kiến thức mà còn tạo ra thay đổi tích cực cho xã hội"". Vì vậy, đơn vị cam kết mang lại những cơ hội giáo dục tốt nhất cho tất cả học sinh, đặc biệt là những em ở các khu vực khó khăn. Mỗi đóng góp nhỏ cho giáo dục chính là sự đầu tư lớn cho tương lai của thế hệ trẻ"", TS. Đàm Quang Minh nói thêm.Ngoài dự án tiêu điểm giúp trẻ ở vùng cao vùng xa, EQuest cũng tích cực trong việc xây dựng một hệ thống giáo dục tiên tiến và toàn diện, nâng cao chất lượng giảng dạy và lan tỏa giá trị giáo dục tích cực đến cộng đồng. Trong năm 2023, nhiều dự án tiêu biểu của tập đoàn đã được AmCham Vietnam ghi nhận tại ESG Impact Showcase 2023. Điển hình là dự án ""Trường học Lành mạnh"" (School of Well-Being) tại Hệ thống Giáo dục Alpha, hỗ trợ hơn 1.000 học sinh, giáo viên, nhân viên và phụ huynh tiếp cận dịch vụ tâm lý học đường. Tháng 7/2023, Alpha đã vượt qua 744 trường học khác để trở thành quán quân khu vực châu Á cuộc thi ""Trường học lành mạnh nhất AIA"".Ngoài ra, EQuest cũng chú trọng bảo vệ môi trường và phúc lợi cộng đồng. Dự án Green School đã được triển khai rộng rãi tại các cơ sở giáo dục, kết hợp các hoạt động trồng cây xanh và giáo dục về môi trường. Hơn 5.000 nhân viên tập đoàn đã tham gia các hội thảo về sức khỏe và cân bằng công việc, trong khi hàng trăm hộ gia đình khó khăn tại TP HCM, Nam Định và Bến Tre được hỗ trợ nhân dịp Tết Nguyên đán 2023.Trong tương lai, EQuest cho biết sẽ tiếp tục đầu tư mạnh vào các dự án giáo dục cộng đồng, không chỉ tại các khu vực khó khăn, mà còn nhằm tạo cơ hội tiếp cận nền giáo dục chất lượng cao cho mọi học sinh. Tập đoàn cũng sẽ ưu tiên các chương trình hợp tác quốc tế, chia sẻ kiến thức với các tổ chức giáo dục hàng đầu thế giới để đảm bảo sự phát triển toàn diện cho hệ thống giáo dục tại Việt Nam. Thông qua các chương trình đào tạo tiên tiến và liên kết quốc tế, EQuest đổi mới và nâng cao chất lượng giáo dục với mong muốn xây dựng một hệ thống giáo dục hiện đại, đồng thời giữ vững các giá trị cốt lõi về trách nhiệm xã hội và cam kết vì cộng đồng.""Không chỉ dừng lại ở những thành tựu đạt được, chúng tôi còn hướng tới tiếp tục mở rộng và nâng cao các chương trình giáo dục, xây dựng một hệ thống giáo dục toàn diện và bền vững hơn"", bà Trần Thị Thu Thủy - Giám đốc ESG Tập đoàn EQuest cho biết.Thế Đan
Tập đoàn Giáo dục EQuest là một trong những tổ chức giáo dục tư nhân lớn nhất Việt Nam với 25 đơn vị thành viên, đào tạo hơn 362.000 học viên theo học mỗi năm tại hệ thống các trường phổ thông; trường đại học, cao đẳng và dạy nghề; trung tâm đào tạo tiếng Anh và tư vấn du học; và các nền tảng công nghệ giáo dục.
Tháng 6/2021, quỹ đầu tư KKR, với tổng tài sản khoảng 470 tỷ USD, đã đầu tư vào EQuest và tiếp tục đầu tư lần hai vào tháng 5/2023, nâng tổng số vốn lên 220 triệu USD. Tháng 6/2022, EQuest trở thành tổ chức giáo dục tư nhân Việt Nam đạt kiểm định quốc tế từ Cognia, tổ chức có 125 năm lịch sử, đã kiểm định 40.000 trường tại 90 quốc gia."
"Học sinh tăng áp lực nếu Bộ Giáo dục siết xét tuyển sớm","Nghe về những thay đổi dự kiến của mùa tuyển sinh đại học 2025, Lê Quốc Huy, lớp 12 trường THPT C Phủ Lý, tỉnh Hà Nam, bất ngờ và lo lắng. Thay đổi khiến Huy quan tâm nhất là dự kiến chỉ tiêu tối đa dành cho xét tuyển sớm chỉ còn 20%.Xét tuyển sớm là đợt tuyển sinh trước khi Bộ Giáo dục và Đào tạo tổ chức xét tuyển trên hệ thống chung vào tháng 7-8. Các trường chủ yếu xét học bạ, điểm từ các kỳ thi riêng (đánh giá năng lực, đánh giá tư duy...), xét kết hợp nhiều tiêu chí như giải học sinh giỏi, điểm chứng chỉ quốc tế (IELTS, SAT, A-Level...). Việc này đã phổ biến 5-6 năm qua.Huy cũng muốn dự xét tuyển sớm. Nam sinh nhắm tới ngành Quan hệ quốc tế của Học viện Ngoại giao. Năm 2024, trường này dành 70% chỉ tiêu xét học bạ cho ba nhóm (học sinh trường chuyên, đạt giải cấp tỉnh trở lên, có chứng chỉ quốc tế). Thuộc nhóm dùng chứng chỉ, Huy có IELTS 6.5, điểm học bạ Toán, Hóa, Tiếng Anh (tổ hợp D07) từ 8,5-9,5.""Với chỉ tiêu 70% em còn thấy mình chấp chới, nếu giảm còn 20%, tức là số lượng trúng tuyển chỉ bằng một phần ba, em chắc chắn không thể đỗ sớm nữa"", Huy nói.Nam sinh cho biết sẽ tìm thêm một vài trường khác để đăng ký, nhưng ""cũng không dám hy vọng gì nhiều"" vì biết khi chỉ tiêu giảm, mức độ cạnh tranh sẽ rất lớn.

Thí sinh dự kỳ thi đánh giá năng lực của Đại học Quốc gia TP HCM, tháng 4/2024. Ảnh: Quỳnh Trần
Huy cũng lo lắng vì ""nghe phong thanh"" về việc các trường sẽ bỏ bớt các phương thức xét tuyển sớm do bị giới hạn chỉ tiêu. Nam sinh đã ôn IELTS hơn một năm với học phí khoảng 60 triệu đồng. Ngoài ra, em mới được gia đình đầu tư khóa học trực tuyến ôn thi đánh giá năng lực gần 5 triệu nữa để tăng cơ hội.""Em không biết phương thức nào sẽ bị bỏ, liệu có phải cái mình đang học hay không nên cũng hoang mang"", nam sinh bày tỏ.Nguyễn Nhật Lâm, lớp 12 trường THPT Tam Phú, TP HCM, cũng thấy áp lực. Lâm nói đã ôn luyện để dự hai kỳ thi riêng của Đại học Quốc gia TP HCM và Đại học Sư phạm TP HCM, nhằm đăng ký xét tuyển sớm vào Đại học Khoa học Tự nhiên và Đại học Kinh tế - Luật.Với Lâm, xét tuyển sớm giúp em thêm cơ hội trúng tuyển đại học, giảm áp lực cho đợt xét chung. Nhưng nếu các trường bị khống chế chỉ tiêu còn 20%, Lâm cho rằng khả năng trượt xét sớm cao hơn, buộc dồn lực cho đợt chung trong khi không biết đâu là phương thức có lợi thế để đặt nguyện vọng lên trước.""Em thấy giống như làm khó dễ học sinh để không xét tuyển sớm"", Lâm nhìn nhận.Nguyễn Tấn Phát, lớp 12 trường THPT Chu Văn An, Hà Nội, lo lắng ngay cả khi đã có chứng chỉ SAT (dùng phổ biến trong xét tuyển đại học ở Mỹ, châu Âu) đạt 1.520/1.600, thuộc top 1% thế giới.""Việc siết chỉ tiêu xét tuyển sớm giúp cho tuyển chọn đầu vào chất lượng song cũng gây áp lực hơn cho học sinh"", nam sinh nói.Trên các diễn đàn, thông tin này thu hút hàng nghìn lượt tương tác. Bất ngờ, tiếc nuối, lo lắng là cảm xúc của nhiều học sinh, phụ huynh. Cũng có người bức xúc vì sự thay đổi bất ngờ khi học kỳ I sắp kết thúc, trong khi học sinh đã chuẩn bị ôn tập từ sớm.


Theo khảo sát của VnExpress từ ngày 22/11, 64% trong hơn 11.000 người tham gia cho rằng siết xét tuyển sớm hạn chế lựa chọn của thí sinh và quyền tự chủ của các trường. Chỉ 32% đồng tình với Bộ Giáo dục khi cho rằng việc này ""công bằng hơn"".Thầy Đinh Đức Hiền, Phó hiệu trưởng trường Phổ thông liên cấp FPT Bắc Giang, chia sẻ với tâm trạng của học sinh. Thầy cho rằng khoảng 3-5 năm gần đây, học sinh đã quen với việc nhiều trường xét tuyển sớm, đa dạng phương thức và dồi dào chỉ tiêu, nên khi bị siết, các em thấy lo lắng về tăng áp lực là dễ hiểu.Nhiều năm tham gia tư vấn xét tuyển đại học, thầy Hiền đặt câu hỏi về giới hạn 20% chỉ tiêu xét tuyển sớm của Bộ.""Tôi rất băn khoăn về con số này. Không rõ Bộ căn cứ vào đâu để áp cho tất cả ngành và trường, cả công lập và ngoài công lập"", thầy Hiền nói.Theo thầy, Bộ chỉ nên đưa ra các rào cản kỹ thuật để xét tuyển sớm trở nên hiệu quả với từng nhóm trường hoặc nhóm ngành, không nên cào bằng và đưa ra giới hạn.Ngoài ra, các nhà giáo cho rằng không nên quy đổi tất cả phương thức về một thang điểm chung.Thầy Phạm Đăng Thanh, giáo viên Toán một trường THPT ở Chương Mỹ, Hà Nội, lấy ví dụ một học sinh giỏi thi được 120/150 điểm HSA, tương đương 24 điểm trên thang 30. Dù đứng top trong thang đo của HSA, học sinh này ""cầm chắc vé trượt"" đại học hàng đầu, nếu so với các phương thức khác như xét học bạ hay điểm thi tốt nghiệp.Đồng tình, thầy Đinh Đức Hiền thấy rằng dù điều chỉnh này chỉ mang tính kỹ thuật, nhưng mỗi kỳ thi có cấu trúc, dạng đề, mục đích khác nhau và hội đồng chuyên môn đã nghiên cứu kỹ để đưa ra thang điểm đó.""Việc quy đổi là không nên, nhất là áp dụng với các kỳ thi riêng"", thầy nói.Bà Nguyễn Thu Thủy, Vụ trưởng Giáo dục Đại học, Bộ Giáo dục và Đào tạo, lý giải việc giới hạn chỉ tiêu xét tuyển sớm còn 20% nhằm tập trung tuyển thí sinh có năng lực và thành tích vượt trội, tạo sự công bằng vì không phải em nào cũng có khả năng học chứng chỉ, tham dự kỳ thi riêng để xét tuyển sớm.Liên quan tới việc quy đổi điểm, bà Thủy cho biết trường đại học phải đảm bảo cơ hội để mọi thí sinh có thể đạt mức tối đa của thang chung, đồng thời không ai vượt mức tối đa này.Đại diện tuyển sinh của nhiều đại học phản đối điều này, cho rằng việc quy đổi điểm gây rối rắm, khó hiểu. Bộ còn yêu cầu điểm của đợt xét sớm không được thấp hơn đợt xét chung. Trong khi nếu giới hạn chỉ tiêu, điểm chuẩn của đợt xét sớm gần như chắc chắn sẽ bị đẩy lên cao.Năm ngoái, 214 trên 322 trường đại học tổ chức xét tuyển sớm với khoảng 30-80% chỉ tiêu. Các đại học top đầu thường xét tuyển kết hợp học bạ và nhiều yếu tố như giải cấp tỉnh, quốc gia, chứng chỉ quốc tế, phỏng vấn..., trong khi nhóm trường top cuối chủ yếu dùng học bạ.Tổng số thí sinh trúng tuyển theo diện này là hơn 375.500 em. Thí sinh đỗ đợt sớm vẫn đăng ký nguyện vọng vào đợt chung của Bộ, song đây chỉ là bước thủ tục để chính thức trúng tuyển.Thầy Đinh Đức Hiền kiến nghị Bộ không áp chung mức 20% chỉ tiêu cho xét tuyển sớm mà giao chỉ tiêu khác nhau cho từng nhóm trường. Thầy cũng đề xuất những điều chỉnh này lùi lại, đến 2026 mới áp dụng.""Học kỳ I đã gần kết thúc, nếu dự thảo được thông qua thì tháng 1-2 của năm tới mới công bố được. Thời điểm này quá gấp để học sinh thay đổi kế hoạch ôn tập"", thầy giáo nói.Với học sinh, thầy khuyên các em dành ưu tiên cho kỳ thi tốt nghiệp, không lơ là để tập trung ôn các phương thức khác. Nếu định xét tuyển theo điểm thi đánh giá năng lực, học sinh chỉ thêm tham dự một, cùng lắm hai để không quá phân tán sức lực, dẫn tới học nhiều mà không hiệu quả.Đây cũng là cách mà Huy dự tính. Nam sinh cho biết sẽ chuyển sang tập trung ôn thi tốt nghiệp.Huy và Lâm, Phát còn mong muốn Bộ và các trường sớm thông tin chính thức về phương thức, chỉ tiêu để yên tâm ôn tập.Thanh Hằng - Bình Minh"
"Bộ Giáo dục: Siết xét tuyển sớm để đảm bảo công bằng","Bà Nguyễn Thu Thủy, Vụ trưởng Giáo dục đại học, trả lời VnExpress tối 25/11 về dự thảo quy chế tuyển sinh đại học, dự kiến có hiệu lực từ 2025.- Dự thảo Thông tư sửa đổi, bổ sung quy chế tuyển sinh đại học có những điểm mới nào so với hiện nay, thưa bà?- Dự thảo đang được Bộ Giáo dục và Đào tạo lấy ý kiến xã hội, có một số nội dung mới, tập trung vào hai điểm quan trọng đã được trao đổi và thống nhất tại hội nghị giáo dục đại học hồi tháng 8.Thứ nhất là khắc phục những bất cập khi cơ sở đào tạo sử dụng nhiều phương thức, tổ hợp môn xét tuyển đối với cùng một ngành hay chương trình đào tạo. Một số trường đã dành quá nhiều chỉ tiêu xét tuyển sớm hay quy định điểm cộng quá lớn cho các chứng chỉ ngoại ngữ.Thứ hai là đáp ứng yêu cầu của những đổi mới trong chương trình giáo dục phổ thông 2018, tạo tác động tích cực tới việc dạy và học ở cấp THPT.Những nội dung sửa đổi, bổ sung khác chủ yếu mang tính kỹ thuật, tạo thuận lợi cho quá trình tổ chức đăng ký và xét tuyển.- Để khắc phục bất cập mà bà vừa nói, Bộ dự kiến khống chế tỷ lệ xét sớm là 20%. Cơ sở nào Bộ đưa ra con số này?- Chúng tôi căn cứ thực tiễn công tác tuyển sinh những năm qua. Xét tuyển sớm tối đa 20% chỉ tiêu nhằm tập trung tuyển những thí sinh có năng lực và thành tích học tập vượt trội, hạn chế tác động đến việc học tập của học sinh ở kỳ II năm lớp 12 và ôn thi tốt nghiệp THPT.Điều quan trọng nhất là tạo sự công bằng. Rõ ràng, không phải em nào cũng có khả năng tham gia xét tuyển sớm khi chưa hoàn thành chương trình lớp 12.Việc giảm quy mô xét tuyển sớm cũng sẽ tạo thuận lợi hơn cho công tác tuyển sinh của các trường. Có xét tuyển sớm hay chỉ xét trong đợt chung thì tổng số thí sinh đăng ký dự tuyển không thay đổi, tại sao phải vất vả chạy đua xét tuyển sớm? Tại sao học sinh chưa hoàn thành lớp 12 phải vất vả nộp hồ sơ nhiều nơi, rồi không yên tâm học tập.Trong khi đó, Bộ đã có một hệ thống hỗ trợ tuyển sinh chung với đầy đủ dữ liệu, trực tuyến hoàn toàn, thuận lợi cho cả thí sinh và các trường. Đã đến lúc chúng ta cần nhìn lại trào lưu tuyển sinh sớm (phổ biến 5- 6 năm trở lại đây), một cách khách quan, để có giải pháp căn cơ, giải quyết dứt điểm những bất cập phát sinh từ đó.

Bà Nguyễn Thu Thủy trong một hội nghị, hồi tháng 3/2023. Ảnh: MOET
- Một quy định mới khác là điểm xét tuyển và điểm chuẩn các phương thức, tổ hợp phải được quy đổi về một thang chung. Vì sao Bộ đưa ra quy định này?- Có hai cách để xét tuyển chương trình, ngành hoặc nhóm ngành đào tạo sử dụng nhiều phương thức, tổ hợp.Cách thứ nhất là phân bổ chỉ tiêu riêng cho từng phương thức, thậm chí cho từng tổ hợp, từ đó áp dụng các tiêu chí xét tuyển để tính điểm của thí sinh, lấy từ cao xuống thấp cho tới hết chỉ tiêu.Cách thứ hai là quy đổi điểm xét của các phương thức, tổ hợp về một thang chung, thống nhất với mỗi ngành hay chương trình.Những năm qua, hầu hết trường chọn cách thứ nhất, chủ yếu xét tuyển sớm vì muốn hoàn thành kế hoạch tuyển sinh. Vấn đề là khó có cơ sở khoa học hay thực tiễn cho việc phân bổ chỉ tiêu giữa các phương thức, tổ hợp, dẫn tới xuất hiện những vấn đề như chênh lệch điểm chuẩn bất hợp lý giữa các phương thức.Do vậy, dự thảo áp dụng cách thứ hai, trừ trường hợp xét tuyển thẳng, xét tuyển sớm thí sinh có năng lực, thành tích vượt trội.Khi quy đổi, các trường phải bảo đảm cơ hội để mọi thí sinh có thể đạt mức điểm tối đa của thang điểm chung, đồng thời không ai vượt mức tối đa này. Điều này buộc các trường phải nghiên cứu việc cộng điểm ưu tiên, khuyến khích, qua đó hạn chế lạm dụng, gây bất công bằng giữa các thí sinh có điều kiện đầu tư cho học tập khác nhau.- Cơ sở nào để Bộ cho rằng cách này công bằng hơn, trong khi quy mô, độ khó giữa các kỳ thi, cụ thể là thi tốt nghiệp và thi đánh giá năng lực, tư duy là khác nhau?- Câu hỏi đặt ra là dựa trên căn cứ nào các trường đưa ra phương thức hay tổ hợp xét tuyển khác nhau cho một ngành hay chương trình, khi mà yêu cầu đầu vào về nguyên tắc phải như nhau.Việc quy điểm xét tuyển về một thang nhằm đảm bảo các trường chọn được những phương thức phù hợp nhất, so sánh được thí sinh để chọn người vào học, cho dù sử dụng điểm thi tốt nghiệp, học bạ hay kết quả các kỳ thi riêng, chứng chỉ quốc tế.Thời gian qua, việc xét tuyển theo chỉ tiêu của từng phương thức mà không dựa trên đối sánh, quy đổi tương đương gây mất công bằng giữa các thí sinh. Do đó, các quy định sửa đổi nhằm làm tăng trách nhiệm của các trường, phải nghiên cứu thấu đáo để không còn tình trạng chênh lệch điểm trúng tuyển bất hợp lý giữa các tổ hợp, phương thức mà không có căn cứ giải thích.Đại học: Sinh viên trúng tuyển học bạ không kém nhóm đỗ bằng điểm thi- Nếu được thông qua, việc tuyển sinh của các trường thay đổi thế nào?- Tác động lớn nhất là việc xét tuyển sớm của các trường sẽ tự động bị hạn chế. Dự thảo yêu cầu chỉ tiêu xét tuyển sớm phải bảo đảm điểm trúng tuyển (quy đổi) của các phương thức xét tuyển sớm không thấp hơn đợt theo kế hoạch chung.Khi đó, tất cả thí sinh dự tuyển vào một ngành sẽ được xét công bằng dựa trên thang và điểm chuẩn chung. Cơ hội trúng tuyển của những em có năng lực thực sự tăng lên. Các trường cũng vẫn được xét tuyển sớm để chủ động cạnh tranh tuyển được những thí sinh giỏi nhất, đầu vào cũng tăng.Ngoài ra, một số bất cập được khắc phục, như việc các trường phải dành quá nhiều thời gian và nguồn lực cho xét tuyển sớm, mà lợi ích mang lại chỉ là tâm lý chủ động và yên tâm hơn.- Như bà nói, việc xét tuyển sớm sẽ tự động bị hạn chế. Vậy quyền tự chủ tuyển sinh của các trường ra sao?- Bộ đưa ra các quy định để thực hiện một nguyên tắc cơ bản trong giáo dục, là công bằng. Các quy định này sẽ nâng cao chất lượng tuyển sinh và chất lượng đào tạo, chứ không tạo ra rào cản nào hay nhằm buộc các trường dùng điểm thi tốt nghiệp THPT để xét tuyển.Từ hai năm nay, Bộ cung cấp đầy đủ dữ liệu về kết quả học tập THPT và hỗ trợ các trường tổ chức kỳ thi riêng, đưa kết quả thi lên hệ thống chung, tạo điều kiện thuận tiện để xét tuyển.Quyền tự chủ của các trường, theo luật định, phải luôn gắn chặt với trách nhiệm xã hội, trước hết cần tuân thủ những nguyên tắc cơ bản trong giáo dục. Luật Giáo dục đại học giao Bộ Giáo dục và Đào tạo ban hành quy chế tuyển sinh, là công cụ quản lý nhà nước để điều chỉnh việc này.


- Quy chế tuyển sinh mới ảnh hưởng thế nào tới thí sinh, thưa bà?- Dự thảo quy chế mới công bố, nhưng những vấn đề và định hướng giải pháp đã được thảo luận trên nhiều diễn đàn.Các điểm sửa đổi đều nhằm khắc phục những tồn tại, và ngày càng gia tăng công bằng cho thí sinh. Điều này không ảnh hưởng tới việc học tập của thí sinh bởi các em chỉ cần nỗ lực học và ôn tập tốt nhất theo những phương thức đã và đang chuẩn bị.Dương Tâm thực hiện"
"Đại học phản ứng trước dự kiến siết xét tuyển sớm của Bộ Giáo dục","Dự thảo sửa đổi quy chế tuyển sinh đại học được Bộ Giáo dục và Đào tạo công bố cuối tuần trước nhiều điểm mới về xét tuyển sớm (trước đợt xét tuyển chung của Bộ).Đọc dự thảo, chuyên gia tuyển sinh ở nhiều trường bối rối. Họ cho rằng Bộ đặt ra nhiều rào cản kỹ thuật bất hợp lý, vài điểm khó hiểu, khó khả thi.Đầu tiên là giới hạn xét tuyển sớm không quá 20% chỉ tiêu.Hiện, hầu hết đại học dành 30-80% chỉ tiêu để xét tuyển sớm, gọi số trúng tuyển nhiều hơn khoảng 0,5-2 lần để có thể tuyển đủ.""Thí sinh đăng ký xét sớm thường nộp vào nhiều trường, kể cả những em thuộc diện tuyển thẳng nên có tỷ lệ ảo nhất định"", trưởng phòng Đào tạo một đại học ở phía Nam lý giải.Còn đại diện một trường kinh tế ở Hà Nội nhìn nhận nếu giảm tỷ lệ xét tuyển sớm còn 20%, các trường phải chật vật lọc ảo với 80% còn lại trong đợt xét tuyển chung (thường vào tháng 7), gây hỗn loạn, dễ tuyển thừa quá nhiều và bị phạt, hoặc tuyển thiếu so với nhu cầu.PGS.TS Tô Văn Phương, Trưởng phòng Đào tạo trường Đại học Nha Trang, cho rằng việc giới hạn xét tuyển sớm còn tác động lớn đến thí sinh.""Khi các trường không được gọi trúng tuyển sớm nhiều như trước, điểm chuẩn và tỷ lệ chọi ở các phương thức xét tuyển sớm sẽ cao hơn, cạnh tranh gay gắt hơn"", ông nói.Dự kiến thứ hai khiến nhiều người thắc mắc là yêu cầu điểm trúng tuyển xét sớm không thấp hơn điểm chuẩn đợt xét chung của Bộ. Ngoài ra, điểm chuẩn ở mọi phương thức, tổ hợp được quy đổi về thang chung và thí sinh được xét chọn bình đẳng theo điểm này, không phân biệt phương thức.Một chuyên gia tuyển sinh ở Hà Nội hiểu điều này đồng nghĩa điểm chuẩn xét theo học bạ, thi đánh giá năng lực hay xét kết hợp chứng chỉ quốc tế (SAT, IELTS...) ở đợt sớm phải bằng hoặc cao hơn điểm dựa vào kết quả thi tốt nghiệp của Bộ.""Nếu đúng như vậy thì vô cùng bất hợp lý vì các kỳ thi có độ khó khác nhau. Trong khi điểm chuẩn phụ thuộc vào độ khó và chỉ tiêu tuyển sinh theo từng phương thức"", ông nói.Thực tế, kỳ thi tốt nghiệp THPT của Bộ có mục đích chính là xét tốt nghiệp, được cho có độ phân hóa thấp, tỷ lệ đỗ luôn đạt khoảng 98-99% trong 10 năm qua. Còn đề thi đánh giá tư duy, năng lực có độ khó cao hơn hẳn.Ông còn ví von nếu một ngành lấy điểm chuẩn tốt nghiệp lên tới 29, 30 như nhiều năm thì thí sinh xét bằng điểm SAT (chứng chỉ quốc tế dùng phổ biến trong tuyển sinh đại học Mỹ) phải đạt tuyệt đối 1600/1600 - là điều vô lý. Hiện, ở mức 1520, thí sinh đã lọt top 1% cao nhất thế giới.""Việc quy đổi không khó nhưng tạo ra sự rối rắm, phức tạp, gây khó hiểu cho thí sinh"", ông nhận định.Theo vị này, dù hiểu theo cách nào, việc siết chỉ tiêu xét tuyển sớm chỉ trong 20% sẽ đẩy điểm chuẩn lên cao, đúng với tiêu chí chọn được học sinh có thành tích vượt trội. Nhưng nếu lấy cao quá, các trường sẽ vào thế khó vì mức đầu vào đó không được thấp hơn đợt xét tuyển chung của Bộ.""Đưa ra các quy định trên có lẽ nhằm giảm xét tuyển sớm"", ông nhìn nhận.Đại diện một trường khác ở Hà Nội có cùng suy nghĩ, cho rằng các quy định này ảnh hưởng đến công tác tuyển sinh, quyền tự chủ của nhiều trường.Ngoài ra, các chuyên gia chỉ ra một số điểm chưa rõ ràng trong dự thảo của Bộ, như tổ hợp xét tuyển theo cách chọn môn ở chương trình giáo dục phổ thông mới; quy đổi điểm chuẩn thế nào với những thí sinh được tuyển thẳng và ưu tiên xét tuyển khi có giải quốc gia, cấp tỉnh và thành tích học thuật, hoạt động xã hội...


Dù vậy, đại diện nhiều trường đánh giá dự thảo quy chế tuyển sinh có một số điểm tích cực, như yêu cầu sử dụng điểm cả năm lớp 12 khi xét học bạ, thay vì dùng điểm 3-5 kỳ như hiện nay.PGS.TS Nguyễn Đức Khoát, Trưởng phòng Đào tạo, trường Đại học Mỏ - Địa chất, cho rằng như vậy học sinh không lơ là trong những tháng cuối cấp, đảm bảo chất lượng giáo dục như định hướng của Bộ.Ông Tô Văn Phương cũng đánh giá quy định trên hợp lý, đảm bảo tính thống nhất giữa các trường, tạo sự công bằng cho thí sinh.Đến nay, một số trường đại học đã công bố định hướng tuyển sinh năm 2025, cơ bản giữ ổn định về phương thức và phân bổ chỉ tiêu. Trước dự thảo của Bộ, nhiều trường dự kiến họp bàn ngay đầu tuần để góp ý tới Bộ, lên các phương án thay đổi kế hoạch tuyển sinh.Các trường cũng cho rằng dù có thay đổi theo hướng nào, Bộ không nên áp dụng ngay trong kỳ tuyển sinh năm 2025 bởi hiện tại, cả trường đại học và học sinh đều đã có sự chuẩn bị nhất định.""Bất kỳ thay đổi đột ngột nào vào lúc này cũng khiến các bên bị động"", một chuyên gia nói.Bộ Giáo dục nói gì về dự kiến siết xét tuyển sớmNăm ngoái, 214 trong 322 trường xét tuyển sớm. Các phương thức chủ yếu là xét học bạ, điểm thi đánh giá năng lực, tư duy, xét chứng chỉ quốc tế (SAT, ACT, IELTS...) hoặc kết hợp giữa các yếu tố trên. Số thí sinh trúng tuyển theo diện này là hơn 375.500 em, trong đó 147.400 em đặt làm nguyện vọng 1 (gần 40%).Nhiều chuyên gia tuyển sinh nhìn nhận xét tuyển sớm có những ưu điểm nhất định. Trưởng phòng đào tạo của một trường đại học tại TP HCM cho rằng việc này giúp thí sinh giảm áp lực phải ""dồn tất cả trứng vào một giỏ"", phụ thuộc hoàn toàn vào kỳ thi tốt nghiệp.Mặt khác, không ít trường, chuyên gia nhiều lần khẳng định kỳ thi tốt nghiệp không đủ tính phân hóa để xét tuyển vào các ngành có tính cạnh tranh cao. Các phương thức xét tuyển sớm giúp giải quyết việc này.Tuy nhiên, theo PGS.TS Lê Hữu Lập, nguyên Phó giám đốc Học viện Công nghệ Bưu chính Viễn thông, khi các trường tăng chỉ tiêu xét tuyển sớm, nhiều vấn đề lộ ra.Ông lấy ví dụ những thí sinh không có thời gian, kinh phí thi chứng chỉ quốc tế, chỉ còn cách dùng điểm thi tốt nghiệp để xét tuyển, trong khi chỉ tiêu cho phương thức này ngày càng ít, điểm chuẩn bị đẩy lên cao, gây mất công bằng.Ngoài ra, nhiều phương thức không đảm bảo một chuẩn chung.""Mỗi đề thi một kiểu, độ khó khác nhau. Chúng ta không thể so sánh được người đạt 26 điểm xét bằng học bạ với người đạt 26 điểm thi đánh giá năng lực hoặc thi tốt nghiệp là ai giỏi hơn vì không có chuẩn chung"", ông nói thêm.

Thí sinh dự kỳ thi đánh giá năng lực của Đại học Quốc gia TP HCM, ngày 7/4. Ảnh: Quỳnh Trần
Dương Tâm - Lệ Nguyễn - Thanh Hằng"
"Bộ trưởng Nguyễn Kim Sơn: 'Cần tạo hạnh phúc trong môi trường giáo dục'","Phát biểu tại Hội thảo ""Hạnh phúc trong Giáo dục 2024"" do Viện Nghiên cứu Giáo dục và Phát triển Nhân lực (EDI) tổ chức, ngày 23/11, Bộ trưởng Nguyễn Kim Sơn nhấn mạnh tầm quan trọng của việc xây dựng môi trường hạnh phúc trong giáo dục.

Bộ trưởng Giáo dục và Đào tạo Nguyễn Kim Sơn phát biểu tại Hội thảo. Ảnh: EDI
Theo Bộ trưởng Sơn, giáo dục hạnh phúc là nền tảng để phát triển cộng đồng hạnh phúc. Hiện nay, có nhiều thảo luận về mục tiêu và phương pháp giáo dục hướng tới hạnh phúc cho người học, giáo viên và phụ huynh.""Điều tôi muốn nói tới ở đây là nhân tố nội tại, nhân tố chủ động của người học, cũng là nhân tố cốt lõi và quyết định của hạnh phúc trong giáo dục. Đó chính là việc chủ thể người học tự biết tạo ra và biết cảm nhận, nhận biết về hạnh phúc trong quá trình học. Niềm vui lớn lao sẽ giúp họ gặt hái nhiều kết quả tốt hơn"", Bộ trưởng chia sẻ.10 yếu tố giúp hình thành trạng thái hạnh phúc cho người họcBộ trưởng đưa ra 10 yếu tố giúp hình thành trạng thái này cho người học. Đầu tiên, cần giúp học sinh đặt mục tiêu học tập đúng đắn để có động cơ từ bên trong.Thứ hai, học sinh cần tu dưỡng bản thân theo chuẩn mực để có cảm nhận đúng đắn về giá trị của hạnh phúc. Thứ ba, hướng dẫn học sinh tự giải quyết vấn đề trong học tập để tìm thấy hứng thú và khám phá thêm. Thứ tư, người thân nên khuyến khích văn hóa đọc và tôn trọng sự khác biệt để phát triển tư duy sáng tạo.Thứ năm, dạy học cá thể hóa giúp phát huy điểm mạnh của từng cá nhân để tìm thấy niềm vui riêng. Thứ sáu, học sinh nên lấy chính mình làm chuẩn đánh giá sự tiến bộ. Thứ bảy, người học nên có thái độ đúng và sống trong sáng.Yếu tố thứ tám là việc kết hợp lý thuyết với thực hành để gợi sự hứng thú. Thứ chín, người học cần chú trọng phát triển trí tuệ cảm xúc. Cuối cùng, sự lắng nghe và chia sẻ của giáo viên tạo sự hứng thú cho học sinh.Xây dựng ""trường học hạnh phúc""Trong khuôn khổ hội thảo, bà Thái Hương, Nhà sáng lập Viện nghiên cứu giáo dục và phát triển nhân lực (EDI) và Hệ thống trường TH School chia sẻ khát vọng xây dựng TH School thành môi trường giáo dục hiện đại và nhân văn, với mục tiêu đưa trẻ em Việt Nam trở thành công dân toàn cầu, biết trân trọng văn hóa dân tộc.Sau 8 năm thành lập, TH School đã ghi nhận nhiều thành tựu nổi bật và là nơi con trẻ được phát triển tự do. Bà Thái Hương nhấn mạnh rằng TH School không chỉ là một mô hình mới mà còn là con đường góp phần đổi mới căn bản giáo dục Việt Nam theo triết lý ""trường học hạnh phúc"".

Bộ trưởng Giáo dục Đào tạo Nguyễn Kim Sơn cùng bà Thái Hương. Ảnh: EDI
Bà cũng nhấn mạnh tới vai trò của người giáo viên trong việc tạo ra những tiết học hạnh phúc tại ngôi trường này. Đào tạo giáo viên là ưu tiên hàng đầu nhằm lan tỏa mô hình trường học hạnh phúc không chỉ tại TH School mà còn rộng rãi hơn.Các diễn giả quốc tế tại hội thảo cung cấp góc nhìn sâu sắc về tích hợp ""hạnh phúc"" vào mục tiêu cá nhân trong môi trường giáo dục và kinh nghiệm về giáo dục toàn diện - cá nhân hóa. Trong đó, mô hình SPIRE giới thiệu 5 khía cạnh: sức khỏe tinh thần, thể chất, trí tuệ, mối quan hệ và cảm xúc. Các diễn giả giải thích từng khía cạnh qua các hội thảo chuyên đề nhằm giúp người tham dự hiểu rõ cách áp dụng mô hình này vào cuộc sống và giáo dục trẻ em.

Ông Martin Skelton, Cố vấn Giáo dục Quốc tế, đồng tác giả chương trình IPC, Cố vấn Sáng lập TH School chia sẻ tại Hội thảo. Ảnh: EDI
Hội thảo ""Hạnh phúc trong Giáo dục 2024"" có sự tham gia với vai trò diễn giả của nhiều chuyên gia có tiếng trong nước và quốc tế. Chương trình gồm 4 phiên thảo luận. Nội dung chính là gợi mở những cách thức để đào tạo thế hệ giáo viên có năng lực kiến tạo tiết học hạnh phúc, cũng như hỗ trợ để cha mẹ trở thành những ""giáo viên"" tại nhà, từ đó góp phần đổi mới giáo dục và thúc đẩy giáo dục toàn diện tại Việt Nam.Chiều 23/11 là phiên hội thảo dành cho phụ huynh, tập trung vào vai trò ""giáo viên"" của cha mẹ trong việc hỗ trợ con em phát triển tích cực thông qua các ""tiết học hạnh phúc"" tại nhà. Ngày 24/11, hội thảo tiếp tục với các phiên chia sẻ và trao đổi phương pháp giảng dạy sáng tạo dành cho giáo viên và nhà quản lý giáo dục.Hồng Liên"
"Thầy giáo nào được mệnh danh là 'cụ tổ ngành giáo dục Nam Kỳ'?","Dương Tâm (Tổng hợp)"
"Bộ Giáo dục dự kiến siết xét tuyển học bạ từ 2025","Bộ Giáo dục và Đào tạo ngày 22/11 công bố dự thảo quy chế tuyển sinh đại học năm 2025, trong đó nhiều điểm mới về xét tuyển sớm (trước đợt xét tuyển chung của Bộ).Cụ thể, các trường được xét sớm để chọn thí sinh có năng lực và thành tích học tập vượt trội. Tuy nhiên, chỉ tiêu xét tuyển sớm không vượt quá 20%, điểm trúng tuyển không thấp hơn điểm chuẩn của đợt xét tuyển theo kế hoạch chung của Bộ.Điểm trúng tuyển ở mọi phương thức, tổ hợp sẽ được quy đổi về một thang điểm chung. Điều này đồng nghĩa các trường không thể sử dụng đồng thời thang điểm 30 khi xét học bạ hay kết quả thi tốt nghiệp THPT và dùng thang 150 khi xét bằng điểm thi đánh giá năng lực như trước.Về phương thức tuyển sinh, các trường được tự chủ quyết định thi tuyển, xét tuyển hoặc kết hợp giữa thi tuyển với xét tuyển. Mỗi phương thức phải nêu rõ tiêu chí đánh giá, điều kiện trúng tuyển.Riêng với xét học bạ, Bộ yêu cầu phải bằng tổ hợp gồm ít nhất ba môn, bắt buộc có Toán hoặc Ngữ văn với trọng số ít nhất một phần ba tổng điểm. Một ngành, chương trình đào tạo có thể sử dụng đồng thời một số tổ hợp môn. Khi đó, số môn chung của các tổ hợp phải có trọng số đánh giá chiếm ít nhất 50% tổng điểm.Như vậy, các trường có thể sử dụng không giới hạn tổ hợp xét tuyển, nhưng bị ràng buộc về trọng số điểm của các môn.Cũng với xét học bạ, các trường phải dùng kết quả học tập cả năm lớp 12 của thí sinh, thay vì dùng điểm 3-5 kỳ như hiện nay. Nếu điều này thành hiện thực, đại học không thể xét tuyển bằng học bạ và công bố điểm chuẩn từ tháng 3 như hiện nay.Trước đó, nhiều lãnh đạo Bộ và chuyên gia cho rằng việc bỏ xét điểm học kỳ II của lớp 12 khiến học sinh lơ là học tập, ảnh hưởng đến mục tiêu giáo dục phổ thông trong giai đoạn cuối cấp THPT. Điều này còn khiến chỉ tiêu dành cho phương thức xét bằng điểm thi tốt nghiệp THPT còn ít lại, đẩy điểm chuẩn lên rất cao, tạo ra sự mất công bằng trong cơ hội được vào các đại học tốt của thí sinh.Đại học phản ứng với dự kiến siết xét tuyển sớm của Bộ


Luật Giáo dục đại học cho phép đại học tự chủ tuyển sinh. Theo Bộ Giáo dục và Đào tạo, các trường sử dụng hơn 20 cách xét tuyển. Các hình thức xét tuyển sớm chủ yếu xét học bạ, điểm thi đánh giá năng lực, tư duy, xét chứng chỉ quốc tế (SAT, ACT, IELTS...) hoặc kết hợp giữa các yếu tố trên.Năm ngoái, 214 trong 322 trường xét tuyển sớm. Số thí sinh trúng tuyển theo diện này là hơn 375.500 em, trong đó 147.400 em đặt làm nguyện vọng 1 (gần 40%).Dự kiến thắt chặt đầu vào ngành Y và Sư phạm

Thí sinh thi đánh giá năng lực của Đại học Quốc gia TP HCM, hôm 7/4. Ảnh: Quỳnh Trần

Dương Tâm"
"Ứng viên bộ trưởng giáo dục Mỹ vướng rắc rối kiện tụng","Bà Linda McMahon, đồng sáng lập công ty Giải trí Đấu vật Thế giới (WWE), vừa được Tổng thống đắc cử Donald Trump chọn làm bộ trưởng giáo dục trong chính quyền mới. Tuy nhiên, quyết định này đã làm dấy lên nhiều tranh cãi do các rắc rối pháp lý liên quan đến thời kỳ ""bà trùm đấu vật"" này quản lý WWE.5 người hồi tháng nộp đơn kiện lên tòa án bang Maryland, yêu cầu WWE bồi thường về các vụ lạm dụng tình dục và văn hóa ém nhẹm bê bối của công ty này.Nhóm nguyên đơn cáo buộc công ty không có hành động thích hợp để ngăn chặn và xử lý các hành vi lạm dụng tình dục của Melvin Phillips Jr., người dẫn chương trình trên võ đài của WWE trong ba thập niên 1970-1990. Phillips đã qua đời vào năm 2012.

Linda McMahon trên võ đài của WWE vào năm 2005, diễn màn đấu khẩu với đô vật Steve Austin. Ảnh: WWE
Trong đơn kiện, các nguyên đơn cho biết họ được WWE tuyển làm ""Ring Boy"", người chuẩn bị và dọn dẹp võ đài cho các buổi trình diễn, khi còn là những nam thiếu niên 13-15 tuổi. Họ cho hay đã bị người dẫn chương trình Phillips Jr. lạm dụng tình dục, có lúc trước sự chứng kiến của các đô vật lẫn thành viên cấp cao của WWE. Phillips Jr. có thời điểm còn ghi hình lại những hành vi lạm dụng này.Bà Linda McMahon và chồng cũ Vince McMahon bị tố đã không thực hiện đủ trách nhiệm trong việc giải quyết khiếu nại nội bộ trong giai đoạn lãnh đạo WWE. Nhóm nguyên đơn yêu cầu mức bồi thường 30.000 USD.""Phillips Jr. đã dụ dỗ và thao túng các cậu bé bằng những lời hứa được gặp gỡ đô vật nổi tiếng và tham dự các chương trình đấu vật rất được yêu thích, những trải nghiệm mà các em không thể có được bằng bất kỳ cách khác"", đơn kiện có đoạn. ""Gia đình McMahon, WWE và TKO Holdings (công ty mẹ của WWE) đã cho phép Phillips Jr. cùng những người khác tham gia và dung túng cho văn hóa lạm dụng tình dục tràn lan của WWE"".Đơn kiện mô tả cả Linda và Vince McMahon đều biết về hành vi lạm dụng của Phillips Jr., trong đó Vince McMahon từng thừa nhận rằng vợ chồng ông đã nhận thức được từ đầu đến giữa những năm 1980 rằng Phillips Jr. có ""mối quan tâm kỳ lạ và không tự nhiên"" đối với các bé trai.Đơn kiện nêu thêm rằng tờ New York Post từng đưa tin về các cáo buộc lạm dụng tình dục của Phillips Jr. tại WWE vào năm 1992. Gia đình McMahon cũng đã sa thải Phillips Jr. vào năm 1988, sau khi xuất hiện nhiều cáo buộc liên quan trẻ em, nhưng họ đã tuyển lại ông chỉ sáu tuần sau đó với điều kiện ông phải tránh xa trẻ em.""Sau nhiều thập kỷ chịu đựng trong im lặng với những tổn thương từ thời trẻ, các nạn nhân nay đứng ra để buộc các bị đơn chịu trách nhiệm về việc dung túng cho sự lạm dụng mang tính hệ thống"", nhóm nguyên đơn trình bày trong đơn kiện.

Linda McMahon khi còn giữ chức giám đốc Cơ quan Quản lý Doanh nghiệp Nhỏ (SBA), phát biểu tại hội nghị chính trị bảo thủ ở Maryland vào tháng 2/2018. Ảnh: Reuters
Jessica Rosenberg, luật sư đại diện cho Vince McMahon, từng ra tuyên bố bác bỏ mọi cáo buộc trong vụ kiện ở bang Maryland.Luật sư Laura Brevetti, đại diện cho Linda McMahon, ngày 21/11 cho rằng các cáo buộc trong đơn kiện ở Maryland sai sự thật. Bà nhấn mạnh vụ kiện dân sự này dựa trên thông tin từ hơn 30 năm trước, với những nội dung ""vu khống, phóng đại và xuyên tạc"". Giới chức Mỹ cũng chưa từng mở cuộc điều tra hình sự nào nhắm vào Phillips Jr.""Bà McMahon sẽ phản biện quyết liệt và chắc chắn sẽ đánh bại vụ kiện vô căn cứ này"", Brevetti cho biết.Linda McMahon tạo nên tên tuổi khi giữ chức CEO của WWE, góp phần biến công ty đấu vật Mỹ từ một doanh nghiệp nhỏ thành tập đoàn giải trí truyền thông được niêm yết trên sàn chứng khoán.WWE là công ty hàng đầu trong lĩnh vực đấu vật biểu diễn. Các giải đấu, trận đấu vật của WWE không phải thể thao đối kháng thực thụ, mà mang nặng tính biểu diễn, giải trí với cốt truyện, kịch bản chuẩn bị sẵn, dù không thiếu những ngón đòn có thể gây chấn thương nếu không được thực hiện đúng cách.Bà trùm đấu vật Linda McMahon rời công ty vào năm 2009 để bước vào chính trường với hai chiến dịch tranh cử thượng nghị sĩ bang Connecticut vào năm 2010 và 2012, song đều thất bại.Bà giữ chức Giám đốc Cơ quan Quản lý Doanh nghiệp Nhỏ (SBA) giai đoạn 2017-2019, trong nhiệm kỳ tổng thống đầu tiên của ông Trump. Sau khi ông Trump rời Nhà Trắng, McMahon cùng một số cựu quan chức chính quyền đã thành lập Viện Chính sách Mỹ Trước tiên (AFPI) vào năm 2021.Thanh Danh (Theo CNN, CBS, Washington Post)"
"Vì sao Bộ Giáo dục dự kiến bỏ điểm sàn thi tốt nghiệp với ngành Y, Sư phạm","Theo dự thảo quy chế tuyển sinh đại học 2025, Bộ Giáo dục và Đào tạo dự kiến áp dụng một mức điểm sàn (mức đủ điều kiện nộp hồ sơ xét tuyển) cho nhóm ngành Sức khỏe và Y khoa. Thí sinh phải có kết quả học tập trong cả ba năm THPT từ mức tốt trở lên, hoặc điểm xét tốt nghiệp từ 8 trở lên.Một số ngành có mức sàn thấp hơn - học bạ khá hoặc điểm xét tốt nghiệp từ 6,5, là Giáo dục thể chất, Sư phạm Âm nhạc, Sư phạm Mỹ thuật, Giáo dục mầm non trình độ cao đẳng và các ngành Điều Dưỡng, Y học dự phòng, Hộ sinh, Kỹ thuật phục hình răng, Kỹ thuật xét nghiệm y học, Kỹ thuật hình ảnh y học, Kỹ thuật phục hồi chức năng.Mức điểm sàn nói trên sẽ áp dụng với cả phương thức xét học bạ và xét điểm thi tốt nghiệp. Trước đây, Bộ đưa ra mức sàn riêng cho hai nhóm này, tính theo tổ hợp ba môn.""Nhưng mức sàn đó không bám sát yêu cầu về chất lượng mà hàng năm tính toán rất vất vả"", ông Nguyễn Mạnh Hùng, chuyên viên chính Vụ Giáo dục đại học, lý giải tại cuộc họp với các đại học phía Nam hồi giữa tuần. Ông Hùng không cho biết chi tiết hơn.""Để đảm bảo tương quan, chúng tôi quyết định bỏ ngưỡng điểm thi tốt nghiệp THPT, chỉ dùng tiêu chí kết quả học tập và điểm xét tốt nghiệp"", ông nói thêm.Trong đó, điểm xét tốt nghiệp cũng được Bộ dự kiến thay đổi theo hướng tăng tỷ lệ kết quả học tập ở lớp 10, 11 và 12 lên 50%, còn lại là điểm thi tốt nghiệp. Các năm trước, điểm học bạ chỉ chiếm 30% và chỉ dùng kết quả của lớp 12.

Thí sinh dự thi tốt nghiệp THPT tại trường THPT Trưng Vương, TP HCM, tháng 6. Ảnh: Quỳnh Trần 
Từ năm 2018, Bộ Giáo dục và Đào tạo đưa ra ngưỡng đảm bảo chất lượng đầu vào với khối ngành Sư phạm, Sức khỏe. Quy định này xuất phát từ thực tế tuyển sinh năm 2017, nhiều trường sư phạm lấy điểm chuẩn thấp, thậm chí có trường chỉ lấy ba điểm mỗi môn. Với nhóm ngành Sức khỏe, Bộ quy định điểm sàn để nâng cao chất lượng đầu vào.Hai năm qua, điểm sàn từ kết quả thi tốt nghiệp với ngành Sư phạm là 18-19 cho tổ hợp ba môn, đã bao gồm điểm ưu tiên. Với 11 ngành thuộc nhóm Sức khỏe, điểm sàn tối thiểu là 19-22,5, cao nhất ở ngành Y khoa và Răng Hàm Mặt.Thực tế, với các trường top đầu như Sư phạm Hà Nội, Sư phạm TP HCM, Đại học Y Hà Nội, Đại học Y Dược TP HCM, ngưỡng sàn với nhiều ngành không quá nhiều ý nghĩa bởi điểm trúng tuyển luôn cao hơn 5-6 điểm hoặc hơn.Lệ Nguyễn"
"Nhiều chuyên gia quốc tế dự hội thảo về hạnh phúc trong giáo dục","Hạnh phúc trong giáo dục không đơn thuần là sự hài lòng hay niềm vui nhỏ lẻ trong quá trình học tập. Đây là trạng thái cân bằng giữa cảm xúc, thể chất và mối quan hệ xã hội, giúp học sinh cảm nhận niềm vui trong học tập, kích thích sự tò mò, say mê học hỏi và đạt hạnh phúc bền vững.Theo TS. Tal Ben-Shahar - chuyên gia về Tâm lý học Tích cực Đại học Harvard, giáo dục hạnh phúc tập trung vào việc xây dựng môi trường học tập an toàn và tích cực, giúp học sinh phát triển toàn diện về cảm xúc, kỹ năng xã hội, năng lực học thuật. Nhiều nghiên cứu chỉ ra, hạnh phúc có mối tương quan tích cực với động lực và thành tích học tập. Khi phát triển về mặt cảm xúc, tinh thần và thể chất, các em sẽ đạt được phát triển vượt bậc về trí tuệ.Trong bối cảnh xã hội phát triển nhanh chóng, học sinh đối mặt với nhiều thách thức như áp lực học đường gia tăng, căng thẳng từ các kỳ thi chuẩn hóa, hay sự phức tạp trong việc cân bằng giữa học tập và cuộc sống cá nhân. Vì thế, giáo dục hạnh phúc trở thành xu hướng tất yếu, được tích hợp vào hệ thống đào tạo tại nhiều quốc gia như Phần Lan, Đan Mạch, Australia hay Ấn Độ.Với mong muốn đưa những giá trị của triết lý giáo dục này đến gần hơn với học sinh Việt Nam, TH School và Tập đoàn TH đồng hành cùng Viện Nghiên cứu Giáo dục và Phát triển Nhân lực (EDI) tổ chức Hội thảo quốc tế Hạnh phúc trong giáo dục 2024. Đây là sự kiện giáo dục quy mô lớn, hướng đến các nhà hoạch định giáo dục, lãnh đạo nhà trường, giáo viên và phụ huynh. Mục tiêu của hội thảo là đưa ra những góc nhìn mới và giải pháp thực tiễn để xây dựng môi trường giáo dục tích cực, hạnh phúc tại Việt Nam.

Một tiết học tích hợp tiêu chí hạnh phúc tại TH School. Ảnh: TH School
Hội thảo quy tụ những chuyên gia uy tín và giàu kinh nghiệm trong lĩnh vực giáo dục tại Việt Nam và trên thế giới. Các diễn giả sẽ chia sẻ về giáo dục sáng tạo, khám phá một hoặc nhiều khía cạnh của hạnh phúc dựa trên mô hình SPIRE, được phát triển bởi Tiến sĩ Tal Ben Shahar. Qua đó, hội thảo góp phần thúc đẩy sự hợp tác, phát triển chuyên môn, trang bị cho giáo viên, các nhà giáo dục kiến thức và kỹ năng để nuôi dưỡng sự an lành của học sinh.Hội thảo gồm ba chương trình với ba nhóm nội dung chính, dành cho từng nhóm đối tượng tham dự. Trong đó, hai phiên hội thảo trong ngày 23/11 có hỗ trợ phiên dịch qua tai nghe.Phiên hội thảo sáng ngày 23/11 dành cho nhà hoạch định giáo dục, khách mời từ Bộ Giáo dục và Đào tạo, lãnh đạo trường học. Chương trình cung cấp góc nhìn về việc tích hợp hạnh phúc và mục tiêu cá nhân vào môi trường giáo dục. Các diễn giả sẽ mang đến những chủ đề đề cập đến giáo dục toàn diện, học tập cá nhân hóa và xây dựng môi trường học tập hạnh phúc.

Thông tin phiên khai mạc hội thảo. Ảnh: EDI
Bên cạnh đó, chương trình bao gồm những câu chuyện áp dụng thành công mô hình trường học hạnh phúc tại một số hệ thống trường học ở Việt Nam. Những hiểu biết của diễn giả sẽ hỗ trợ lãnh đạo và nhà giáo dục phát triển định hướng rõ ràng, truyền cảm hứng nhằm tạo ra bầu không khí học tập tích cực và hứng khởi.Chiều ngày 23/11, phiên hội thảo phù hợp với phụ huynh. Trọng tâm là vai trò của cha mẹ trong việc hướng dẫn và khuyến khích sự phát triển của trẻ; cung cấp kỹ năng và kiến thức cần thiết để giao tiếp hiệu quả với trẻ, kích thích sự tò mò, sáng tạo và niềm vui trong học tập.Các diễn giả sẽ chia sẻ các kỹ thuật nuôi dạy tích cực, ngôn ngữ động viên và các chiến lược phát triển tâm - thể - trí của trẻ. Nhờ đó, phụ huynh có thể xây dựng nền tảng vững chắc cho tương lai của trẻ trong bối cảnh giáo dục hiện đại. Ngoài ra, chương trình có phần giao lưu tương tác trực tiếp với chuyên gia để giải đáp thắc mắc, băn khoăn trong hành trình nuôi dạy con trẻ.

Thầy Stephen West - Giám đốc Viện Nghiên cứu Giáo dục và Phát triển Nhân lực (EDI). Ảnh: EDI
Phiên hội thảo dành cho giáo viên diễn ra vào ngày 24/11 được thiết kế riêng cho giáo viên và nhà quản lý giáo dục. Chương trình giới thiệu những phương pháp giáo dục sáng tạo, ứng dụng nền tảng công nghệ để nâng cao chất lượng giảng dạy và học tập. Các chuyên gia quốc tế sẽ chia sẻ công cụ và chiến lược để theo dõi và thúc đẩy sự an lành, hạnh phúc của học sinh, đồng thời khuyến khích tư duy phản biện và tầm nhìn toàn cầu.Nhật Lệ
Độc giả quan tâm đến giáo dục hiện đại có thể đăng ký tham gia miễn phí hội thảo cho phụ huynh chiều ngày 23/11 tại đây và chương trình cho giáo viên ngày 24/11 tại đây.
Viện Nghiên cứu Giáo dục và Phát triển Nhân lực (EDI) sở hữu đội ngũ nhân lực là các chuyên gia hàng đầu trong lĩnh vực giáo dục tại Việt Nam và quốc tế, chuyên nghiên cứu và triển khai giải pháp giáo dục đổi mới, sáng tạo và hiệu quả.
Trong gần 10 năm qua, đơn vị khẳng định vị thế trong lĩnh vực giáo dục tại Việt Nam, thúc đẩy sự phát triển toàn diện của nguồn nhân"
"Điểm tin 21h: Sai phạm của 6 cán bộ trong vụ cháy chung cư mini 56 người chết | Thứ trưởng Giáo dục: Cân nhắc bỏ 'xét tuyển sớm'","Liên hệ: 084 666 0123 hoặc podcast@vnexpress.net."
"Ông Trump chọn bà trùm ngành đấu vật làm bộ trưởng giáo dục","Ông Donald Trump ngày 19/11 tuyên bố dự định đề cử Linda McMahon, cựu Giám đốc Cơ quan Quản lý Doanh nghiệp Nhỏ (SBA) và nhà đồng sáng lập WWE, công ty đấu vật giải trí của Mỹ, cho vị trí bộ trưởng giáo dục Mỹ trong nhiệm kỳ mới. Bà McMahon sẽ còn phải trải qua quá trình chất vấn và phê chuẩn ở Thượng viện Mỹ.""Linda sẽ sử dụng hàng thập kỷ kinh nghiệm lãnh đạo, cùng hiểu biết sâu sắc về giáo dục và kinh doanh, để nâng cao chất lượng của thế hệ học sinh và người lao động tiếp theo, đưa Mỹ thành quốc gia hàng đầu thế giới về giáo dục"", ông Trump khẳng định, đồng thời nhấn mạnh bà McMahon sẽ dẫn dắt nỗ lực trả quyền tự quyết chính sách giáo dục về cho các bang.McMahon giữ chức Giám đốc SBA trong giai đoạn 2017-2019, ở nhiệm kỳ tổng thống đầu tiên của ông Trump. Sau khi rời Nhà Trắng, bà chuyển sang lãnh đạo Hành động Nước Mỹ trước tiên, một siêu PAC (Ủy ban Hành động Chính trị) vận động bầu cử cho ông Trump.

Linda McMahon khi còn giữ chức giám đốc Cơ quan Quản lý Doanh nghiệp Nhỏ (SBA), phát biểu tại hội nghị chính trị bảo thủ ở Maryland vào tháng 2/2018. Ảnh: Reuters
Linda McMahon tạo nên tên tuổi khi giữ chức CEO của WWE, góp phần biến công ty đấu vật Mỹ từ một doanh nghiệp nhỏ thành tập đoàn giải trí truyền thông được niêm yết trên sàn chứng khoán.WWE là công ty hàng đầu trong lĩnh vực đấu vật biểu diễn. Các giải đấu, trận đấu vật của WWE không phải thể thao đối kháng thực thụ, mà mang tính biểu diễn, giải trí với cốt truyện, kịch bản chuẩn bị sẵn, dù không thiếu những ngón đòn có thể gây chấn thương nếu không được thực hiện đúng cách, theo diễn giải của Chủ tịch WWE Vince McMahon, chồng cũ của bà Linda, năm 1989.Bà rời công ty vào năm 2009, bước vào chính trường với hai chiến dịch tranh cử thượng nghị sĩ bang Connecticut vào năm 2010 và 2012. Dù chi 98 triệu USD để vận động cử tri, Linda McMahon thất bại trong cả hai lần thử sức. Ông Trump đã từng quyên tiền cho chiến dịch năm 2012 của bà McMahon.Sau khi ông Trump kết thúc nhiệm kỳ tổng thống thứ nhất, McMahon cùng một số cựu quan chức chính quyền đã thành lập Viện Chính sách Mỹ Trước tiên (AFPI) vào năm 2021. Tổ chức này trong vài năm qua được mệnh danh là ""Nhà Trắng chờ thời"", chuyên vận động ủng hộ những chính sách phù hợp với tầm nhìn của ông Trump và tư vấn chính sách cho ông tái tranh cử.Trong giai đoạn tranh cử, ông Trump đã nhiều lần công khai mong muốn giảm vai trò của chính quyền liên bang trong mảng giáo dục, trả quyền tự quyết về cho các bang. Ông Trump vào tháng 9 còn tuyên bố dự định ""kết liễu Bộ Giáo dục"" trong bài diễn thuyết ở Wisconsin, lập luận rằng chính phủ Mỹ đang lãng phí tiền thuế của người dân để tuyên truyền những điều mà người dân không muốn học.Tuy nhiên, việc giải thể hoàn toàn Bộ Giáo dục Mỹ sẽ cần đến sự chấp thuận của lưỡng viện, do cơ quan này đang quản lý các khoản tài trợ liên bang cho trường công và quỹ vay sinh viên với tổng trị giá 1.600 tỷ USD.Thanh Danh (Theo Reuters, CNN)"
"Hệ thống giáo dục Lý Thái Tổ kỷ niệm 20 năm thành lập","Ông Nguyễn Hữu Độ, nguyên Thứ trưởng Bộ Giáo dục và Đào tạo chụp ảnh kỷ niệm cùng các thế hệ lãnh đạo các trường thuộc Hệ thống giáo dục Lý Thái Tổ. 


Ông Nguyễn Hữu Độ, nguyên Thứ trưởng Bộ Giáo dục và Đào tạo chụp ảnh kỷ niệm cùng các thế hệ lãnh đạo các trường thuộc Hệ thống giáo dục Lý Thái Tổ. 











Ban lãnh đạo hệ thống và 20 bạn học sinh tiêu biểu thực hiện nghi thức chúc mừng sinh nhật.



Ban lãnh đạo hệ thống và 20 bạn học sinh tiêu biểu thực hiện nghi thức chúc mừng sinh nhật.












Ông Đào Ngọc Thanh - Chủ tịch Hội đồng chiến lược Tổng công ty Vinaconex kiêm Chủ tịch Hội đồng thành viên Hệ thống giáo dục Lý Thái Tổ phát biểu tại lễ kỷ niệm. 
""Chúng ta có quyền tự hào về hành trình 20 năm vun đắp ước mơ cho các thế hệ học sinh. Từ các em nhỏ bậc Mầm non cho đến những học sinh THPT đều được trang bị những kiến thức và kỹ năng để trở thành những con người có ích cho xã hội, đủ tự tin bước ra hội nhập quốc tế"", ông nói. 


Ông Đào Ngọc Thanh - Chủ tịch Hội đồng chiến lược Tổng công ty Vinaconex kiêm Chủ tịch Hội đồng thành viên Hệ thống giáo dục Lý Thái Tổ phát biểu tại lễ kỷ niệm. 
""Chúng ta có quyền tự hào về hành trình 20 năm vun đắp ước mơ cho các thế hệ học sinh. Từ các em nhỏ bậc Mầm non cho đến những học sinh THPT đều được trang bị những kiến thức và kỹ năng để trở thành những con người có ích cho xã hội, đủ tự tin bước ra hội nhập quốc tế"", ông nói. 














Lãnh đạo và nguyên lãnh đạo Vinaconex cùng gần 4.000 cán bộ, giáo viên, nhân viên và học sinh Hệ thống Giáo dục Lý Thái Tổ theo dõi lễ kỷ niệm. 


Lãnh đạo và nguyên lãnh đạo Vinaconex cùng gần 4.000 cán bộ, giáo viên, nhân viên và học sinh Hệ thống Giáo dục Lý Thái Tổ theo dõi lễ kỷ niệm. 











Màn trình diễn ""Hùng thiêng âm vang hào khí Lý Thái Tổ"" do thầy cô giáo và học sinh Trường Tiểu học Lý Thái Tổ thể hiện lòng tự hào về ngôi trường mang tên vị vua anh minh, sáng lập kinh thành Thăng Long.  


Màn trình diễn ""Hùng thiêng âm vang hào khí Lý Thái Tổ"" do thầy cô giáo và học sinh Trường Tiểu học Lý Thái Tổ thể hiện lòng tự hào về ngôi trường mang tên vị vua anh minh, sáng lập kinh thành Thăng Long.  











Ca sĩ Lê Anh Dũng cùng con gái là học sinh Hệ thống Giáo dục Lý Thái Tổ hát mừng hệ thống tuổi 20, tri ân thầy cô giáo. 


Ca sĩ Lê Anh Dũng cùng con gái là học sinh Hệ thống Giáo dục Lý Thái Tổ hát mừng hệ thống tuổi 20, tri ân thầy cô giáo. 














Học sinh Trường Mầm non Lý Thái Tổ biểu diễn nhạc kịch Tiếng Anh ""Rumble in the Jungger"". 


Học sinh Trường Mầm non Lý Thái Tổ biểu diễn nhạc kịch Tiếng Anh ""Rumble in the Jungger"". 











Học sinh Trường THCS-THPT Lý Thái Tổ cùng các cô giáo chúc mừng hệ thống tuổi 20.  


Học sinh Trường THCS-THPT Lý Thái Tổ cùng các cô giáo chúc mừng hệ thống tuổi 20.  


Thiên MinhẢnh: Hệ thống giáo dục Lý Thái Tổ

Hệ thống giáo dục Lý Thái Tổ do Tổng công ty Vinaconex đầu tư xây dựng đồng bộ các cấp học từ mầm non đến THPT tại khu đô thị Trung Hòa - Nhân Chính từ năm 2004. Trên hành trình 20 năm xây dựng và phát triển, Hệ thống giáo dục Lý Thái Tổ xây dựng đội ngũ giáo viên giỏi, nhân viên chuyên nghiệp, cơ sở vật chất hiện đại, môi trường giáo dục lành mạnh và nhân văn. Với sứ mệnh ""Vun đắp ước mơ"" cho thế hệ mầm non tương lai của đất nước, đơn vị từng bước nâng cao chất lượng giáo dục nhằm tiệm cận với tiêu chuẩn quốc tế, tạo điều kiện cho mỗi học sinh phát huy khả năng tiềm ẩn.Bên cạnh việc đưa tiếng Anh trở thành ngôn ngữ thứ hai, hệ thống ứng dụng các mô hình giáo dục tiên tiến như dạy học theo dự án, STEAM tích hợp các môn học, học tập thông qua trải nghiệm thực tế, phát triển tư duy phản biện và sáng tạo... Qua đó, học sinh phát triển kỹ năng, hướng đến trở thành công dân toàn cầu và làm chủ tương lai của mình."
"Quốc hội thảo luận chính sách thu hút người giỏi vào ngành giáo dục","Trình Quốc hội trước đó, Bộ trưởng Giáo dục và Đào tạo Nguyễn Kim Sơn cho biết Đảng và Nhà nước xác định giáo viên là yếu tố quan trọng, nền tảng, cốt lõi nhất quyết định chất lượng giáo dục. Vì vậy, phát triển lực lượng đủ về số lượng, tốt về chất lượng, đồng bộ về cơ cấu là việc sống còn của ngành giáo dục.""Nếu phát triển giáo dục và đào tạo cung cấp nguồn nhân lực chất lượng cao là khâu đột phá chiến lược để phát triển đất nước thì phát triển đội ngũ nhà giáo là khâu đột phá trong đột phá chiến lược ấy"", ông nói.Vì vậy, Chính phủ đề xuất chính sách người có trình độ cao, có tài năng, sinh viên tốt nghiệp xuất sắc, cán bộ khoa học trẻ, người có năng khiếu đặc biệt tham gia tuyển dụng giáo viên được hưởng phụ cấp và trợ cấp thu hút. Giáo viên đến công tác tại nông thôn, vùng đặc biệt khó khăn được bảo đảm chỗ ở tập thể hoặc được thuê nhà ở công vụ. Thầy cô trong các cơ sở giáo dục công lập được hưởng chính sách thu hút đối với viên chức, các chính sách thu hút khác theo thực tế từng địa phương và cơ sở giáo dục.

Học sinh và giáo viên trường tiểu học Đinh Tiên Hoàng, TP Thủ Đức, tháng 9/2023. Ảnh: Quỳnh Trần
Chính phủ cũng mong muốn giáo viên được xếp cao nhất trong hệ thống thang bậc lương hành chính sự nghiệp; hưởng phụ cấp ưu đãi nghề, các phụ cấp khác tùy theo tính chất công việc và theo vùng như quy định pháp luật. Nhà giáo tuyển dụng, xếp lương lần đầu được tăng một bậc lương trong hệ thống thang bậc lương hành chính sự nghiệp.Người công tác vùng đồng bào dân tộc thiểu số, miền núi, điều kiện kinh tế xã hội đặc biệt khó khăn; dạy trường chuyên biệt, dạy các môn năng khiếu, nghệ thuật được hỗ trợ về chỗ ở tập thể hoặc thuê nhà công vụ và thanh toán tiền tàu xe trong thời gian làm việc.Ngành giáo dục cần có quyền tuyển dụng, điều động giáo viênTheo dự thảo Luật Nhà giáo, Bộ Giáo dục và Đào tạo, Bộ Lao động Thương binh và Xã hội (phụ trách đào tạo nghề) là cơ quan chủ trì xây dựng chiến lược, đề án, kế hoạch phát triển và tổng biên chế đội ngũ nhà giáo thuộc thẩm quyền quản lý. Hai Bộ này cũng sẽ được ban hành tiêu chí, tiêu chuẩn tuyển dụng; điều phối biên chế giáo viên trong các trường công lập.Các cơ quan quản lý giáo dục chủ trì, hoặc phân cấp cho trường tuyển dụng, điều động, bố trí, đánh giá, bổ nhiệm. Phương thức tuyển dụng gồm xét tuyển hoặc thi tuyển, bắt buộc có phần thực hành sư phạm.Thường trực Ủy ban Văn hóa Giáo dục Đỗ Chí Nghĩa chỉ ra nhiều bất cập trong việc tuyển dụng giáo viên hiện nay. Cụ thể, ở cấp học mầm non, tiểu học và THCS, quyền tuyển dụng thuộc về UBND huyện, dẫn đến tình trạng thừa thiếu giáo viên cục bộ giữa các địa phương. Huyện này thừa giáo viên nhưng không thể điều động sang huyện khác vì vướng mắc về thẩm quyền. Trong khi đó ngành Nội vụ lại là cơ quan chủ trì tham mưu chính trong lĩnh vực này thay vì ngành Giáo dục.Quy định về viên chức nhà giáo hiện nay cũng gây khó khăn trong sử dụng hiệu quả nguồn nhân lực. Việc giáo viên chỉ được công tác tại một đơn vị sự nghiệp công lập khiến việc dạy liên trường, liên cấp trở nên khó khăn, trong khi nhu cầu thực tế lại rất lớn. ""Nếu giao quyền sử dụng nguồn lực cho ngành Giáo dục, chúng ta sẽ giải quyết được bài toán này. Giáo viên sẽ có cơ hội giảng dạy linh hoạt hơn, tạo ra sự thay đổi tích cực cho ngành"", ông Nghĩa nói.Cũng trong hôm nay, các đại biểu thảo luận về Chủ trương đầu tư dự án đường sắt tốc độ cao trên trục Bắc Nam; việc điều chỉnh chủ trương đầu tư Dự án Cảng hàng không quốc tế Long Thành.



Sơn Hà"
